datetime,temp,dew,humidity,precip,snowdepth,windgust,windspeed,sealevelpressure,cloudcover,visibility,solarradiation,solarenergy,uvindex
2021-01-01,-0.7,-3.2,82.8,7.045,3.2,52.2,36.0,1017.7,94.9,8.2,13.8,1.1,1
2021-01-02,0.5,-1.7,85.2,0.0,2.1,46.1,19.8,1017.8,99.9,9.3,42.5,3.7,3
2021-01-03,-0.2,-2.4,85.4,1.054,0.8,24.8,14.9,1015.8,99.8,9.6,20.6,1.7,1
2021-01-04,-2.6,-4.3,88.3,0.0,0.8,29.5,19.7,1016.2,100.0,6.0,40.7,3.4,2
2021-01-05,0.2,-2.4,82.4,0.0,0.8,26.6,16.3,1020.2,99.0,11.4,42.6,3.6,2
2021-01-06,1.3,-2.3,77.3,0.0,0.6,18.0,12.7,1028.2,91.9,10.3,79.1,6.8,4
2021-01-07,2.6,-3.8,63.0,0.0,0.4,31.3,22.2,1028.2,99.7,15.7,19.7,1.7,1
2021-01-08,1.0,-3.8,70.3,0.267,0.2,40.5,27.1,1025.4,99.7,15.0,28.4,2.4,2
2021-01-09,0.0,-5.4,67.4,0.0,0.2,29.9,17.9,1026.6,86.6,16.0,76.4,6.6,4
2021-01-10,-2.0,-6.4,72.1,0.0,0.2,23.4,14.3,1027.7,97.3,15.9,28.5,2.4,1
2021-01-11,-3.2,-6.4,78.7,0.0,0.2,41.4,25.9,1025.1,96.6,13.5,29.2,2.3,1
2021-01-12,-0.3,-4.1,76.3,0.0,0.2,38.9,22.4,1018.7,33.8,14.8,97.6,8.4,5
2021-01-13,2.4,-1.7,74.5,0.0,0.1,34.2,20.2,1010.3,82.3,15.5,57.1,4.8,3
2021-01-14,2.5,-0.8,79.2,3.194,0.7,40.9,23.3,1001.2,77.2,14.6,45.3,4.0,3
2021-01-15,1.5,-1.5,80.9,0.104,0.0,34.2,16.7,999.3,84.0,14.7,45.6,4.1,2
2021-01-16,1.1,-1.6,82.8,1.574,0.1,41.8,18.9,1003.8,99.6,11.1,16.6,1.3,1
2021-01-17,-0.5,-2.9,83.7,1.004,0.1,21.2,14.8,1007.2,99.3,10.7,12.8,1.0,1
2021-01-18,-2.3,-6.5,73.0,0.0,0.3,35.3,23.7,1013.6,92.9,15.5,38.0,3.3,2
2021-01-19,-3.3,-7.4,73.9,0.429,0.6,48.7,32.6,1021.2,85.4,12.4,40.1,3.5,2
2021-01-20,-4.6,-10.1,65.6,0.0,0.9,57.4,32.4,1019.5,45.2,16.0,117.3,10.1,5
2021-01-21,2.0,-5.3,59.1,0.0,0.5,59.4,41.5,1008.1,34.1,16.0,116.9,10.1,5
2021-01-22,-7.2,-15.8,50.6,0.0,0.9,45.4,31.7,1021.0,17.7,16.0,119.0,10.2,5
2021-01-23,-5.9,-14.1,52.9,0.0,0.6,28.8,17.3,1028.6,55.3,16.0,113.7,9.9,5
2021-01-24,-0.5,-5.8,68.1,0.136,1.6,37.1,16.1,1020.3,100.0,14.2,41.3,3.5,2
2021-01-25,-0.1,-4.4,73.3,0.72,0.9,54.4,35.1,1016.1,100.0,12.6,12.2,1.1,1
2021-01-26,-0.9,-3.6,82.0,2.775,3.0,49.8,31.2,1013.2,100.0,7.1,6.3,0.5,0
2021-01-27,-4.5,-9.4,68.9,0.0,4.1,36.7,21.1,1028.9,83.4,16.0,10.5,1.0,0
2021-01-28,-7.8,-15.5,55.2,0.0,4.0,32.0,18.1,1037.4,32.6,16.0,110.9,9.6,5
2021-01-29,-3.6,-11.2,56.1,0.0,3.8,33.5,19.3,1030.4,68.9,16.0,125.0,10.8,5
2021-01-30,-0.5,-6.1,67.3,2.215,4.6,56.1,36.4,1018.5,96.3,11.2,27.8,2.5,1
2021-01-31,-0.4,-2.6,85.1,2.881,9.2,49.1,30.6,1014.2,99.9,4.1,10.3,0.7,0
2021-02-01,-1.6,-6.2,71.1,0.0,11.0,42.5,25.8,1023.1,66.9,15.9,91.0,7.9,4
2021-02-02,-2.7,-7.9,68.4,0.0,10.5,34.9,21.4,1024.7,71.2,16.0,57.8,4.9,3
2021-02-03,-3.1,-8.4,68.1,0.0,9.6,31.0,15.4,1020.5,37.6,15.8,134.8,11.6,6
2021-02-04,0.2,-4.3,72.7,5.15,9.2,71.6,41.8,1002.8,94.9,10.3,34.2,2.9,3
2021-02-05,-10.3,-15.9,63.3,0.0,9.2,66.6,39.8,1006.8,40.8,15.2,126.6,10.9,5
2021-02-06,-12.8,-17.9,66.2,0.422,8.9,40.7,24.3,1019.5,57.9,12.6,92.1,8.0,5
2021-02-07,-17.6,-24.4,56.2,0.0,9.0,36.0,20.7,1026.3,51.5,16.0,112.6,9.8,6
2021-02-08,-13.0,-17.9,66.7,0.909,9.6,21.6,14.9,1028.2,99.5,9.7,74.7,6.3,3
2021-02-09,-12.5,-20.3,53.8,0.0,11.7,35.6,19.7,1030.0,44.1,15.4,149.6,12.8,6
2021-02-10,-11.0,-17.8,57.9,0.182,10.8,34.2,23.0,1030.7,97.1,13.8,55.3,4.7,2
2021-02-11,-9.4,-15.0,64.0,0.032,10.0,37.1,24.4,1031.3,74.4,13.1,36.0,3.1,1
2021-02-12,-10.0,-15.4,65.5,0.068,10.4,35.6,20.3,1030.2,94.7,14.4,116.8,9.9,5
2021-02-13,-13.8,-18.0,70.5,0.628,10.8,41.0,24.3,1028.7,79.3,7.4,52.1,4.5,3
2021-02-14,-17.5,-24.3,56.0,0.192,11.7,40.7,25.4,1034.0,76.9,12.8,114.7,9.9,5
2021-02-15,-14.1,-17.9,72.8,2.022,14.1,51.4,30.0,1027.3,99.7,3.9,27.4,2.3,1
2021-02-16,-9.9,-14.9,67.6,0.218,20.6,44.6,23.5,1020.8,85.4,11.8,21.1,1.7,1
2021-02-17,-8.8,-14.7,63.5,0.0,18.8,23.0,14.9,1029.5,84.6,16.0,25.8,2.2,1
2021-02-18,-6.5,-11.0,70.7,0.511,17.5,23.0,11.9,1028.6,85.5,9.7,51.5,4.4,3
2021-02-19,-8.8,-13.9,67.0,0.0,16.4,34.2,21.5,1027.3,44.4,13.9,190.1,16.5,8
2021-02-20,-7.9,-13.1,67.6,0.0,15.2,24.8,13.4,1029.0,10.0,12.6,176.3,15.2,7
2021-02-21,-1.9,-7.1,68.7,4.815,14.2,50.0,26.9,1019.9,75.5,12.1,89.6,8.0,4
2021-02-22,1.0,-3.1,74.4,0.4,13.4,54.7,32.6,1007.7,94.0,13.5,98.7,8.4,5
2021-02-23,4.8,-1.2,65.5,0.0,11.2,45.1,24.2,1008.5,45.9,16.0,175.2,15.2,7
2021-02-24,4.7,-1.1,66.7,0.0,8.3,47.4,30.3,1012.4,49.8,16.0,140.5,12.0,7
2021-02-25,0.5,-5.5,65.7,0.0,5.3,38.9,21.7,1027.4,34.4,15.9,173.3,15.1,7
2021-02-26,1.7,-5.9,59.3,0.068,3.4,44.4,23.5,1020.6,43.8,15.6,178.1,15.3,7
2021-02-27,5.2,0.8,74.6,0.651,2.3,28.1,16.3,1015.9,54.3,12.4,177.0,15.4,7
2021-02-28,5.4,2.6,82.4,1.114,1.7,53.9,32.4,1009.9,88.9,11.9,67.5,5.9,3
2021-03-01,-1.0,-9.0,56.2,0.0,1.2,42.5,21.8,1024.1,25.8,16.0,148.7,12.7,6
2021-03-02,0.6,-7.1,57.0,0.0,0.9,48.9,31.0,1023.4,3.8,16.0,186.7,16.2,7
2021-03-03,6.7,-1.4,59.4,0.0,0.7,47.9,21.5,1016.2,0.8,15.9,190.1,16.5,7
2021-03-04,0.9,-4.6,67.5,0.0,0.2,43.8,29.4,1027.0,43.8,15.8,118.2,10.0,4
2021-03-05,2.3,-6.7,54.9,0.0,0.0,33.5,25.2,1028.6,23.8,16.0,195.1,16.8,7
2021-03-06,2.0,-5.1,60.2,0.0,0.0,24.8,18.2,1027.9,12.3,16.0,200.5,17.2,7
2021-03-07,4.3,-4.9,54.2,0.0,0.0,35.3,19.8,1029.1,54.7,16.0,171.7,14.8,8
2021-03-08,11.7,0.9,48.8,0.0,0.0,47.9,32.2,1025.2,51.2,16.0,143.1,12.1,6
2021-03-09,13.1,1.3,47.5,0.0,0.0,56.4,32.4,1022.6,69.8,15.9,120.8,10.3,6
2021-03-10,16.3,7.2,55.2,0.0,0.0,72.4,39.4,1012.8,93.8,16.0,58.2,5.0,4
2021-03-11,11.3,3.2,58.3,1.32,0.0,76.9,38.4,1016.6,45.6,16.0,145.1,12.6,6
2021-03-12,6.6,-2.9,52.4,0.0,0.0,35.3,19.7,1029.9,63.5,16.0,123.0,10.6,7
2021-03-13,7.7,-4.9,44.5,0.0,0.0,21.2,15.7,1030.1,54.2,15.9,145.2,12.6,6
2021-03-14,5.6,-3.6,52.2,0.0,0.0,56.2,36.7,1028.2,77.0,16.0,98.1,8.1,5
2021-03-15,1.3,-5.4,63.2,2.239,0.1,56.9,36.6,1022.7,94.6,11.0,18.3,1.6,1
2021-03-16,1.9,-1.0,81.2,0.068,0.5,28.4,17.0,1016.6,100.0,10.9,31.1,2.7,1
2021-03-17,2.6,-0.4,80.9,9.509,0.3,49.2,32.4,1016.0,99.9,9.7,27.8,2.5,1
2021-03-18,3.9,-0.2,75.2,3.951,0.2,73.3,49.2,1016.6,90.3,13.8,74.4,6.4,4
2021-03-19,3.9,-7.0,45.9,0.0,0.0,56.4,33.7,1032.8,14.2,16.0,169.7,14.7,8
2021-03-20,6.5,-4.8,49.7,0.0,0.0,33.5,16.2,1033.0,0.0,16.0,168.8,14.7,8
2021-03-21,11.3,-3.9,37.7,0.0,0.0,47.3,28.7,1025.5,36.2,16.0,163.6,14.2,8
2021-03-22,13.8,-0.9,37.3,0.0,0.0,51.8,28.5,1018.2,70.2,16.0,108.2,9.5,5
2021-03-23,13.8,5.8,60.0,4.106,0.0,52.8,26.0,1011.1,94.7,15.4,36.0,3.2,2
2021-03-24,12.9,7.8,71.4,0.462,0.0,61.5,36.3,1005.2,93.9,15.7,78.5,6.8,4
2021-03-25,7.5,3.0,73.5,1.585,0.0,55.7,34.4,1010.9,98.7,15.3,40.9,3.6,2
2021-03-26,3.9,0.6,79.1,2.308,0.0,54.9,37.0,1015.8,93.1,15.6,37.8,3.3,1
2021-03-27,10.5,5.9,74.3,0.072,0.0,47.9,23.6,1013.7,89.6,14.2,98.1,8.6,6
2021-03-28,7.0,-2.8,52.0,0.0,0.0,61.2,41.2,1012.9,69.3,16.0,101.3,8.7,9
2021-03-29,8.3,-2.6,47.8,0.0,0.0,67.9,38.9,1017.7,25.7,16.0,161.8,14.1,7
2021-03-30,13.7,0.1,39.8,0.0,0.0,60.2,36.5,1009.3,61.5,16.0,132.1,11.3,6
2021-03-31,4.3,-9.1,37.5,0.0,0.0,50.0,29.9,1021.6,52.9,16.0,136.4,11.9,8
2021-04-01,0.4,-10.8,43.5,0.0,0.0,44.9,29.0,1032.6,32.7,16.0,183.3,16.0,8
2021-04-02,4.0,-10.5,40.3,0.0,0.0,40.7,23.3,1032.1,13.4,16.0,177.7,15.3,8
2021-04-03,12.6,-2.7,35.2,0.0,0.0,51.2,34.5,1021.2,21.1,16.0,161.8,13.9,7
2021-04-04,16.4,2.5,42.8,0.0,0.0,36.3,19.1,1019.2,30.1,15.7,156.9,13.5,7
2021-04-05,19.7,8.0,47.3,0.036,0.0,51.8,23.5,1012.8,72.9,16.0,57.8,5.1,2
2021-04-06,21.5,8.9,45.7,0.0,0.0,46.3,29.2,1010.5,67.9,16.0,145.4,12.7,6
2021-04-07,21.3,10.7,50.8,0.0,0.0,59.0,35.0,1007.9,59.1,16.0,89.8,7.8,4
2021-04-08,15.7,11.1,74.5,8.353,0.0,47.9,27.7,1001.5,94.2,14.4,28.9,2.3,2
2021-04-09,13.3,8.1,71.6,0.232,0.0,56.1,29.3,1003.6,87.1,15.1,60.3,5.2,3
2021-04-10,11.3,8.6,83.5,5.561,0.0,41.3,22.3,1000.6,88.0,13.3,25.8,2.3,2
2021-04-11,10.0,5.8,75.3,0.196,0.0,29.5,13.9,995.2,86.2,15.2,59.9,5.2,2
2021-04-12,13.0,5.2,61.9,0.3,0.0,51.2,34.0,1007.6,58.8,15.9,120.8,10.4,9
2021-04-13,9.6,-0.7,49.5,0.0,0.0,49.0,32.4,1018.2,30.6,16.0,142.8,12.4,9
2021-04-14,6.5,-4.0,47.5,0.0,0.0,39.4,26.8,1019.5,60.0,16.0,141.0,12.1,6
2021-04-15,7.3,-0.8,56.6,0.0,0.0,50.0,21.6,1017.1,84.8,16.0,69.5,6.1,3
2021-04-16,7.5,1.3,65.4,0.0,0.0,32.0,17.8,1015.9,56.9,16.0,127.5,10.8,8
2021-04-17,7.5,-0.6,58.9,0.0,0.0,31.7,16.8,1014.7,60.3,16.0,111.3,9.7,7
2021-04-18,10.9,-2.5,41.3,0.0,0.0,33.5,19.8,1012.8,73.5,16.0,95.5,8.1,6
2021-04-19,8.9,-0.1,54.0,1.503,0.0,40.7,25.8,1011.2,80.8,15.8,50.8,4.3,1
2021-04-20,3.8,-5.2,52.7,0.422,0.0,27.4,18.7,1018.5,96.8,14.6,74.3,6.3,3
2021-04-21,3.9,-3.9,60.5,0.0,0.2,52.6,35.7,1019.6,82.4,14.9,81.8,7.2,4
2021-04-22,7.7,-4.5,46.6,0.0,0.0,40.5,23.6,1018.9,30.3,15.7,172.1,14.9,8
2021-04-23,11.8,-1.4,40.9,0.0,0.0,43.8,23.8,1016.6,70.0,16.0,135.3,11.6,8
2021-04-24,12.9,5.7,61.7,0.327,0.0,47.9,23.1,1011.5,90.8,15.9,48.9,4.2,2
2021-04-25,6.2,-1.8,57.5,0.0,0.0,45.7,24.3,1018.8,82.1,16.0,149.6,12.9,8
2021-04-26,15.5,1.3,40.7,0.0,0.0,73.3,47.3,1012.7,67.1,16.0,150.0,12.9,7
2021-04-27,22.5,10.1,46.3,0.0,0.0,57.9,33.7,1006.2,84.0,16.0,165.3,14.4,7
2021-04-28,9.6,5.8,77.7,11.26,0.0,40.7,20.3,1011.6,94.7,13.6,36.8,3.4,1
2021-04-29,12.3,7.5,73.8,1.714,0.0,56.2,22.0,1010.8,81.4,15.0,70.5,6.1,5
2021-04-30,10.1,1.2,55.0,0.0,0.0,55.7,40.9,1019.9,28.5,16.0,183.7,15.8,9
2021-05-01,17.0,2.6,40.7,0.0,0.0,74.7,49.1,1012.1,45.3,16.0,163.0,14.0,7
2021-05-02,22.5,10.7,47.9,0.0,0.0,61.1,37.4,1003.1,71.7,16.0,157.4,13.7,8
2021-05-03,17.6,14.2,80.9,3.448,0.0,50.0,27.2,1001.6,96.4,15.2,57.8,5.0,3
2021-05-04,12.2,8.3,77.8,0.523,0.0,53.6,21.1,1009.6,90.7,14.4,17.5,1.3,1
2021-05-05,10.3,1.4,56.2,0.0,0.0,40.0,22.9,1019.1,44.1,16.0,186.2,16.1,8
2021-05-06,10.0,0.8,54.3,1.681,0.0,37.1,22.6,1019.1,81.1,15.9,48.7,4.1,2
2021-05-07,9.5,0.7,55.4,0.0,0.0,44.6,26.9,1016.7,62.0,15.8,133.0,11.3,6
2021-05-08,7.4,-0.5,59.1,4.33,0.0,35.6,20.3,1020.1,66.6,15.5,132.8,11.6,6
2021-05-09,7.9,1.3,65.9,13.304,0.0,54.8,29.3,1014.9,76.1,14.7,74.0,6.5,4
2021-05-10,7.9,0.1,59.2,0.047,0.0,38.5,23.0,1021.2,70.4,16.0,79.7,6.9,5
2021-05-11,8.4,-1.5,50.8,0.0,0.0,43.2,26.6,1027.6,45.1,16.0,181.8,15.8,9
2021-05-12,10.4,-3.5,40.8,0.0,0.0,33.5,22.4,1031.1,11.1,16.0,195.4,16.6,9
2021-05-13,13.7,-3.7,33.4,0.0,0.0,29.5,16.5,1028.7,12.4,16.0,189.7,16.4,9
2021-05-14,16.0,-1.8,31.5,0.0,0.0,37.1,20.7,1025.4,48.2,16.0,128.8,11.3,6
2021-05-15,14.6,4.7,52.7,2.289,0.0,43.4,19.2,1022.6,93.6,15.9,37.2,3.0,1
2021-05-16,17.2,7.4,53.4,0.0,0.0,24.8,12.9,1021.2,89.0,16.0,118.1,9.9,5
2021-05-17,17.5,9.7,60.3,0.0,0.0,31.7,18.4,1021.3,81.3,16.0,85.1,7.4,3
2021-05-18,19.0,13.5,71.5,1.787,0.0,45.2,27.0,1021.9,91.7,15.7,97.0,8.4,4
2021-05-19,20.9,15.6,72.1,1.625,0.0,50.3,28.4,1021.4,93.2,15.8,61.6,5.4,2
2021-05-20,24.6,14.9,56.8,0.068,0.0,48.3,30.0,1022.7,84.3,16.0,120.6,10.3,6
2021-05-21,24.7,14.3,53.6,0.0,0.0,46.0,27.1,1025.3,81.3,16.0,146.0,12.6,6
2021-05-22,25.8,14.8,52.1,0.0,0.0,33.5,20.5,1025.1,73.7,16.0,135.0,11.5,7
2021-05-23,22.2,16.5,70.7,1.451,0.0,31.7,17.9,1021.6,81.9,15.7,66.6,5.8,3
2021-05-24,23.5,13.3,58.4,0.0,0.0,37.1,22.7,1018.6,83.0,14.0,131.8,11.3,8
2021-05-25,25.4,14.6,52.1,0.036,0.0,54.1,33.5,1014.4,85.5,16.0,89.2,7.7,4
2021-05-26,22.5,13.0,59.8,11.603,0.0,49.1,24.9,1014.9,65.2,15.0,176.5,15.2,9
2021-05-27,13.3,6.8,65.1,1.05,0.0,52.7,35.2,1018.1,85.2,15.8,80.4,7.1,4
2021-05-28,8.5,5.1,79.3,18.05,0.0,58.1,37.3,1015.9,99.9,13.1,19.1,1.6,1
2021-05-29,11.8,-1.9,40.0,0.0,0.0,57.4,30.9,1022.9,29.6,16.0,238.8,20.8,10
2021-05-30,14.1,0.3,43.2,0.0,0.0,29.5,16.7,1024.9,47.3,16.0,208.5,17.9,9
2021-05-31,17.3,5.8,47.4,0.0,0.0,37.1,20.7,1023.8,84.3,16.0,65.0,5.5,3
2021-06-01,18.1,7.7,53.9,0.0,0.0,25.9,17.9,1022.0,51.2,15.8,180.8,15.7,9
2021-06-02,19.8,8.3,48.9,0.0,0.0,33.5,19.6,1015.4,51.6,16.0,167.3,14.5,8
2021-06-03,23.1,8.9,44.4,0.0,0.0,32.0,16.9,1011.3,47.7,15.8,184.6,15.8,9
2021-06-04,27.0,9.8,35.9,0.0,0.0,47.1,31.1,1012.0,51.1,16.0,129.0,11.2,8
2021-06-05,27.5,13.4,42.9,0.0,0.0,48.2,29.4,1011.4,28.0,16.0,163.6,14.1,8
2021-06-06,27.3,15.1,47.7,0.0,0.0,53.9,29.1,1011.9,50.9,16.0,159.1,13.6,8
2021-06-07,24.5,19.7,74.9,0.196,0.0,33.5,19.9,1012.8,91.0,16.0,44.4,3.8,2
2021-06-08,25.8,19.1,68.4,0.395,0.0,23.4,16.1,1014.8,73.4,15.9,122.3,10.5,9
2021-06-09,25.9,18.4,64.6,0.0,0.0,31.7,19.4,1015.6,32.7,15.9,152.8,13.2,8
2021-06-10,26.0,17.9,62.4,0.0,0.0,29.5,17.3,1012.7,27.3,16.0,165.8,14.4,9
2021-06-11,27.9,18.0,56.6,0.0,0.0,27.0,15.5,1009.3,35.5,16.0,172.7,14.8,8
2021-06-12,26.5,19.4,66.7,22.689,0.0,103.0,22.5,1009.8,54.1,15.4,162.7,13.9,8
2021-06-13,25.5,12.1,46.4,0.0,0.0,31.7,16.3,1013.5,20.3,16.0,185.0,16.0,9
2021-06-14,23.5,10.9,45.5,0.0,0.0,46.1,26.5,1013.2,32.9,16.0,177.6,15.4,9
2021-06-15,21.1,9.6,48.9,0.0,0.0,39.2,24.4,1018.1,23.5,16.0,188.9,16.3,9
2021-06-16,20.2,6.0,42.3,0.0,0.0,32.8,18.7,1018.7,18.2,16.0,173.5,15.0,9
2021-06-17,24.4,9.2,40.5,0.228,0.0,42.5,25.6,1013.9,44.1,16.0,154.7,13.4,8
2021-06-18,27.3,16.3,53.6,5.935,0.0,72.2,25.5,1007.6,73.8,15.6,131.6,11.0,7
2021-06-19,25.6,16.8,59.0,0.0,0.0,49.5,31.5,1006.7,62.4,16.0,166.1,14.4,8
2021-06-20,23.6,17.8,70.7,3.199,0.0,44.3,20.4,1004.1,73.4,15.5,64.6,5.6,3
2021-06-21,20.0,11.3,60.2,26.369,0.0,63.8,30.0,1005.3,88.2,15.8,67.8,5.7,3
2021-06-22,18.6,6.9,49.4,0.0,0.0,40.5,26.0,1014.4,46.7,16.0,129.3,11.3,7
2021-06-23,21.4,10.8,51.8,0.405,0.0,60.1,36.1,1015.5,73.9,16.0,46.3,4.0,2
2021-06-24,21.9,15.3,67.6,4.959,0.0,48.9,29.4,1014.4,88.4,14.4,39.5,3.5,2
2021-06-25,23.0,20.2,84.4,31.61,0.0,52.9,30.1,1010.7,93.6,12.5,36.7,3.1,2
2021-06-26,24.0,21.1,84.3,30.796,0.0,68.4,25.9,1008.4,91.4,14.5,35.0,2.9,1
2021-06-27,25.0,19.2,71.1,0.0,0.0,53.7,32.8,1012.2,75.1,16.0,77.4,6.9,4
2021-06-28,22.8,19.1,80.0,13.6,0.0,39.6,14.1,1018.8,88.4,15.4,45.2,3.8,3
2021-06-29,25.2,20.6,77.0,11.285,0.0,40.3,20.1,1019.7,83.3,15.1,57.8,4.8,4
2021-06-30,24.4,19.9,76.2,6.271,0.0,42.5,13.4,1017.1,88.1,15.9,50.5,4.4,3
2021-07-01,21.4,14.7,67.5,2.351,0.0,59.0,31.6,1016.1,38.8,15.8,178.8,15.4,9
2021-07-02,19.2,11.3,61.6,0.0,0.0,34.6,16.5,1018.2,62.8,16.0,119.4,10.2,8
2021-07-03,23.3,13.7,56.2,0.0,0.0,36.5,23.3,1015.4,10.6,16.0,146.0,12.7,7
2021-07-04,26.9,17.8,58.6,0.0,0.0,31.7,21.7,1013.2,38.9,15.9,151.3,13.0,7
2021-07-05,28.1,19.3,59.7,0.0,0.0,50.7,31.2,1013.8,24.4,15.9,153.1,13.4,8
2021-07-06,28.7,19.2,57.6,0.0,0.0,38.7,24.6,1014.8,50.0,16.0,149.5,12.7,8
2021-07-07,26.1,18.7,65.4,0.0,0.0,46.4,23.8,1011.8,82.5,16.0,95.9,8.2,5
2021-07-08,19.0,14.7,76.7,0.0,0.0,37.4,18.5,1012.7,99.1,15.9,27.3,2.2,1
2021-07-09,20.1,10.3,56.2,0.0,0.0,35.0,17.9,1017.2,49.3,16.0,135.1,11.7,7
2021-07-10,20.8,15.8,73.5,3.027,0.0,38.9,21.6,1014.3,83.7,15.6,103.6,9.0,6
2021-07-11,20.0,16.7,81.2,3.207,0.0,46.6,29.3,1013.2,99.5,15.1,36.0,2.9,1
2021-07-12,21.4,17.8,80.1,6.55,0.0,31.0,15.9,1015.7,97.7,14.9,47.8,4.0,3
2021-07-13,23.0,18.8,78.3,1.466,0.0,26.3,15.9,1015.7,85.4,11.3,38.1,3.2,1
2021-07-14,25.3,18.9,68.9,0.036,0.0,42.5,22.8,1017.7,61.0,16.0,117.9,10.0,6
2021-07-15,23.7,19.2,76.2,4.68,0.0,50.0,26.6,1013.8,94.3,15.6,40.4,3.3,1
2021-07-16,21.0,17.2,79.7,3.99,0.0,36.7,23.2,1015.0,97.2,14.7,44.4,3.8,1
2021-07-17,22.3,16.5,70.7,0.0,0.0,42.5,25.1,1018.2,80.9,16.0,145.3,12.5,7
2021-07-18,23.5,16.2,64.6,0.0,0.0,29.2,20.0,1021.6,24.5,16.0,146.4,12.5,7
2021-07-19,24.1,16.2,62.6,0.0,0.0,31.7,17.5,1020.6,13.5,16.0,137.5,11.7,7
2021-07-20,24.5,16.4,61.6,0.0,0.0,39.2,24.4,1017.5,43.3,15.2,132.4,11.3,7
2021-07-21,21.1,15.6,71.2,0.0,0.0,33.5,19.1,1019.7,70.2,14.6,51.2,4.4,2
2021-07-22,24.1,18.3,70.8,0.0,0.0,31.7,16.3,1020.5,75.8,13.8,77.1,6.6,4
2021-07-23,27.7,20.4,65.8,0.155,0.0,37.1,20.7,1017.5,58.7,12.7,100.8,8.8,5
2021-07-24,28.1,21.5,68.4,19.779,0.0,70.2,29.1,1011.4,44.9,14.3,98.6,8.5,4
2021-07-25,27.7,16.0,54.2,0.0,0.0,31.7,17.6,1012.6,53.8,16.0,160.9,13.7,8
2021-07-26,28.0,13.9,45.5,0.0,0.0,22.7,17.3,1015.1,23.0,16.0,151.6,13.2,7
2021-07-27,27.0,17.8,58.0,0.0,0.0,36.5,25.0,1016.0,46.7,16.0,80.3,7.0,5
2021-07-28,27.9,21.6,69.2,3.314,0.0,63.3,18.5,1015.1,69.5,15.7,122.3,10.6,5
2021-07-29,26.4,19.9,67.8,2.558,0.0,88.9,30.1,1012.3,64.4,15.6,98.2,8.4,6
2021-07-30,21.0,13.0,60.3,0.0,0.0,46.7,28.7,1019.5,57.5,16.0,160.8,13.9,8
2021-07-31,22.3,13.7,59.4,0.0,0.0,29.5,18.6,1015.9,56.9,16.0,125.2,10.9,6
2021-08-01,21.9,14.3,63.3,0.0,0.0,40.0,26.4,1016.0,26.8,15.0,134.2,11.6,7
2021-08-02,21.0,12.0,58.1,0.0,0.0,27.4,14.8,1020.2,47.1,16.0,103.5,9.0,6
2021-08-03,22.7,12.0,52.6,0.0,0.0,20.5,12.9,1018.6,43.4,16.0,108.1,9.3,6
2021-08-04,23.9,12.4,50.6,0.0,0.0,19.1,14.1,1019.0,15.6,15.8,110.2,9.5,6
2021-08-05,25.1,13.1,49.8,0.0,0.0,42.5,20.5,1017.8,38.4,15.5,121.8,10.5,8
2021-08-06,24.8,16.8,61.5,5.173,0.0,48.6,27.1,1014.5,85.9,15.7,69.3,5.9,3
2021-08-07,25.8,19.2,69.0,0.036,0.0,33.5,19.5,1013.9,69.6,15.4,96.9,8.3,4
2021-08-08,27.2,19.8,65.5,1.252,0.0,53.2,30.4,1011.2,74.2,15.7,103.0,8.8,7
2021-08-09,24.4,20.4,78.6,7.953,0.0,47.5,26.5,1010.1,89.9,15.4,29.3,2.4,1
2021-08-10,27.7,22.5,74.5,14.373,0.0,79.9,49.8,1011.2,82.6,15.3,73.9,6.4,4
2021-08-11,26.9,21.2,72.7,2.039,0.0,70.3,34.7,1009.2,71.9,15.7,40.8,3.5,2
2021-08-12,26.0,20.3,71.0,0.196,0.0,58.8,34.1,1011.8,83.4,16.0,82.7,7.2,5
2021-08-13,24.4,14.7,57.0,0.0,0.0,28.4,15.5,1017.5,77.4,16.0,58.6,5.0,3
2021-08-14,22.7,10.5,48.2,0.0,0.0,32.0,17.3,1023.3,41.0,16.0,131.8,11.5,8
2021-08-15,21.9,11.5,53.9,0.0,0.0,31.7,20.3,1022.3,15.4,16.0,129.1,11.4,8
2021-08-16,22.6,12.9,56.0,0.0,0.0,31.9,19.1,1018.3,15.4,16.0,121.1,10.2,8
2021-08-17,24.1,17.5,67.5,0.0,0.0,27.7,16.7,1016.2,32.7,15.9,103.0,9.2,6
2021-08-18,25.8,20.4,72.9,0.0,0.0,27.7,20.1,1017.5,70.4,15.6,65.7,5.7,5
2021-08-19,26.2,20.5,72.0,0.351,0.0,25.6,15.6,1017.1,44.8,15.2,92.3,7.9,6
2021-08-20,27.1,19.9,66.9,0.0,0.0,33.5,18.5,1013.2,32.1,14.5,103.0,9.0,7
2021-08-21,26.6,20.6,70.5,4.659,0.0,53.6,23.9,1010.2,62.0,15.5,96.1,8.0,5
2021-08-22,24.5,18.0,67.5,0.0,0.0,36.4,21.6,1014.4,54.3,16.0,91.8,7.8,8
2021-08-23,25.7,18.7,66.9,0.0,0.0,31.1,19.1,1014.2,46.6,16.0,81.0,6.9,3
2021-08-24,27.9,21.7,70.7,19.407,0.0,54.8,28.6,1013.4,54.8,15.5,106.1,9.1,7
2021-08-25,26.5,20.7,72.4,7.112,0.0,47.9,21.7,1016.7,70.3,15.5,94.5,8.4,6
2021-08-26,26.2,20.1,70.6,0.941,0.0,27.7,19.7,1018.8,59.4,16.0,92.9,7.9,6
2021-08-27,28.0,20.6,65.5,0.0,0.0,28.8,18.5,1016.2,51.7,16.0,79.5,6.7,4
2021-08-28,28.9,21.7,65.8,0.0,0.0,42.8,23.8,1016.8,29.8,16.0,85.9,7.3,6
2021-08-29,27.4,21.2,69.2,4.952,0.0,53.8,32.6,1014.7,47.4,16.0,75.6,6.7,6
2021-08-30,24.8,15.3,57.1,0.0,0.0,27.0,18.7,1013.7,27.7,16.0,88.1,7.3,4
2021-08-31,24.1,14.0,54.2,0.0,0.0,38.9,23.6,1010.0,56.3,16.0,87.5,7.5,4
2021-09-01,22.8,13.0,54.3,0.0,0.0,44.1,27.8,1013.6,52.0,16.0,73.2,6.1,5
2021-09-02,21.5,12.2,56.9,0.0,0.0,29.2,19.6,1018.9,55.4,16.0,93.5,8.1,5
2021-09-03,21.5,12.9,58.4,0.068,0.0,40.7,19.5,1017.7,88.7,16.0,52.0,4.5,2
2021-09-04,21.4,15.4,69.2,0.689,0.0,34.9,21.9,1011.7,94.1,15.9,25.7,2.3,1
2021-09-05,22.1,11.1,54.4,0.0,0.0,42.5,26.5,1011.4,20.7,16.0,87.2,7.5,6
2021-09-06,22.2,11.7,53.1,0.0,0.0,35.6,18.5,1012.6,29.4,16.0,82.0,7.1,6
2021-09-07,23.2,16.1,66.1,2.054,0.0,68.5,41.8,1007.0,50.2,15.8,61.8,5.5,4
2021-09-08,21.0,9.6,50.5,0.0,0.0,50.5,30.7,1009.0,32.6,16.0,82.9,7.0,6
2021-09-09,19.6,10.1,55.7,0.0,0.0,31.7,14.1,1014.8,31.9,16.0,80.8,6.8,6
2021-09-10,21.3,10.5,52.2,0.0,0.0,34.8,18.9,1016.9,39.3,16.0,83.1,7.1,6
2021-09-11,24.5,15.7,58.6,0.0,0.0,42.5,26.6,1012.5,46.2,16.0,75.0,6.6,4
2021-09-12,25.3,17.4,62.8,0.0,0.0,38.9,25.2,1013.9,66.9,16.0,67.0,5.8,5
2021-09-13,24.9,18.1,67.7,0.0,0.0,38.9,21.1,1015.5,81.0,15.4,63.5,5.5,5
2021-09-14,25.2,16.7,60.1,0.06,0.0,47.8,32.1,1009.4,70.3,15.9,64.3,5.4,4
2021-09-15,20.4,10.8,56.2,0.0,0.0,27.7,18.3,1015.6,34.6,16.0,84.2,7.2,6
2021-09-16,21.5,10.6,52.4,0.0,0.0,35.3,20.3,1017.9,0.0,16.0,71.7,6.2,5
2021-09-17,24.3,14.3,57.5,5.72,0.0,60.8,23.5,1017.4,34.3,15.8,77.3,6.5,5
2021-09-18,22.1,15.4,66.2,0.0,0.0,38.5,22.9,1020.8,45.3,16.0,54.3,4.6,3
2021-09-19,24.8,16.8,62.8,0.0,0.0,28.1,18.0,1017.6,34.0,16.0,64.3,5.5,5
2021-09-20,24.8,18.9,70.5,0.591,0.0,52.5,27.9,1012.2,82.5,15.9,28.7,2.4,1
2021-09-21,19.2,14.2,73.1,5.926,0.0,52.9,28.4,1016.0,97.6,15.1,23.9,2.1,1
2021-09-22,15.5,9.0,66.7,8.025,0.0,58.1,36.8,1019.0,89.1,15.0,27.8,2.5,1
2021-09-23,15.0,4.4,50.6,0.0,0.0,49.5,27.0,1014.4,61.2,16.0,44.7,3.7,2
2021-09-24,18.9,6.9,48.4,0.67,0.0,52.8,32.1,1012.8,50.9,15.9,79.5,6.8,6
2021-09-25,16.1,5.2,53.9,2.875,0.0,44.9,26.1,1015.2,70.6,15.9,67.1,5.8,4
2021-09-26,20.8,5.8,39.2,0.0,0.0,53.3,30.9,1012.7,44.5,16.0,69.7,6.0,6
2021-09-27,22.3,12.8,57.1,0.0,0.0,42.8,26.5,1008.6,30.3,16.0,70.5,6.2,4
2021-09-28,19.1,11.8,64.2,0.0,0.0,32.8,21.9,1014.7,12.9,16.0,72.5,6.1,5
2021-09-29,20.3,12.3,62.7,0.0,0.0,27.0,17.5,1017.3,31.9,16.0,75.6,6.4,5
2021-09-30,20.8,11.6,58.3,0.0,0.0,31.7,18.7,1020.5,67.2,16.0,55.0,4.7,2
2021-10-01,22.6,13.2,56.4,0.0,0.0,33.5,16.3,1020.4,38.2,16.0,65.3,5.5,5
2021-10-02,22.4,16.0,68.1,1.196,0.0,33.4,20.7,1014.6,86.5,15.9,42.2,3.5,3
2021-10-03,21.5,17.6,79.2,1.756,0.0,25.9,19.9,1009.5,90.4,15.3,33.0,2.6,1
2021-10-04,19.7,16.0,79.6,0.0,0.0,46.4,26.7,1013.8,95.0,15.1,23.1,2.0,1
2021-10-05,19.2,15.7,79.7,0.0,0.0,40.7,24.8,1021.5,97.7,16.0,10.8,0.9,0
2021-10-06,19.2,16.2,82.8,0.0,0.0,33.8,19.4,1022.9,97.6,10.9,13.9,1.1,1
2021-10-07,20.5,17.5,83.2,12.285,0.0,26.3,16.7,1018.3,93.7,12.8,20.8,1.7,1
2021-10-08,19.8,16.0,79.5,2.006,0.0,19.8,15.3,1015.5,84.3,13.8,37.2,3.1,3
2021-10-09,21.8,15.9,71.1,0.462,0.0,34.2,16.3,1012.2,72.0,15.2,68.1,5.9,6
2021-10-10,23.7,16.7,65.0,0.15,0.0,48.6,27.9,1006.7,79.7,16.0,23.7,1.9,1
2021-10-11,21.9,17.0,74.4,34.776,0.0,46.1,25.7,1004.9,78.0,15.0,28.0,2.1,2
2021-10-12,16.9,14.3,85.2,0.728,0.0,40.7,22.8,1010.3,78.0,13.4,11.0,0.8,0
2021-10-13,16.9,13.1,79.5,8.874,0.0,43.2,22.4,1012.8,75.4,14.8,33.4,2.9,3
2021-10-14,19.1,12.8,68.3,2.843,0.0,36.1,21.2,1011.3,84.4,15.3,26.0,2.4,1
2021-10-15,14.2,8.5,69.3,0.332,0.0,34.9,22.0,1012.1,78.5,16.0,22.9,1.9,1
2021-10-16,11.4,1.4,51.6,0.0,0.0,47.3,26.8,1016.2,19.4,16.0,72.5,6.0,6
2021-10-17,12.5,1.4,49.1,0.0,0.0,31.3,21.7,1019.7,13.4,16.0,67.5,5.8,6
2021-10-18,14.9,4.0,50.5,0.0,0.0,27.7,15.2,1019.6,0.8,16.0,67.7,5.7,6
2021-10-19,16.2,6.6,54.8,0.0,0.0,38.9,21.8,1018.6,25.0,16.0,74.3,6.4,6
2021-10-20,17.3,8.5,57.2,0.0,0.0,42.5,22.2,1015.5,54.1,16.0,60.6,5.1,5
2021-10-21,12.3,7.7,73.4,0.0,0.0,46.2,26.7,1012.7,88.7,15.8,14.0,1.2,1
2021-10-22,9.6,1.6,58.3,0.0,0.0,24.5,15.8,1017.3,80.1,16.0,37.4,3.1,2
2021-10-23,8.8,0.1,56.2,0.0,0.0,27.7,12.9,1017.1,31.8,16.0,73.1,6.4,6
2021-10-24,8.7,5.0,77.8,46.133,0.0,60.4,34.3,1013.3,85.2,12.1,6.6,0.4,0
2021-10-25,10.5,6.2,75.7,25.283,0.0,73.4,51.7,1010.8,95.5,13.3,10.9,1.1,0
2021-10-26,9.8,4.4,69.3,0.0,0.0,38.2,18.1,1018.8,67.9,16.0,22.2,1.7,1
2021-10-27,9.0,2.9,67.2,0.0,0.0,38.2,23.0,1015.1,53.8,16.0,79.3,6.9,6
2021-10-28,11.6,8.3,80.3,8.481,0.0,38.9,21.9,1003.2,99.6,13.1,7.9,0.6,0
2021-10-29,12.4,10.9,90.8,16.099,0.0,55.2,36.2,1001.4,100.0,6.8,3.9,0.1,0
2021-10-30,12.0,8.1,77.4,1.45,0.0,47.4,28.4,1004.9,77.9,14.2,26.8,2.3,1
2021-10-31,8.7,2.6,67.5,0.0,0.0,45.4,29.1,1013.8,32.7,16.0,34.0,2.8,2
2021-11-01,5.3,-3.4,54.8,0.0,0.0,41.4,24.3,1025.4,55.4,16.0,44.3,3.9,2
2021-11-02,4.3,-4.8,52.6,0.0,0.0,37.1,18.5,1027.7,38.4,16.0,78.5,6.7,6
2021-11-03,2.9,-5.2,56.7,0.0,0.0,29.5,12.6,1029.4,40.4,16.0,72.9,6.5,5
2021-11-04,3.8,-4.3,57.3,0.0,0.0,23.4,15.9,1027.8,54.3,16.0,34.0,2.9,3
2021-11-05,5.8,-2.8,55.9,0.0,0.0,35.6,20.2,1027.2,16.3,16.0,69.7,6.1,5
2021-11-06,8.6,-0.3,54.7,0.0,0.0,40.7,23.7,1022.6,25.5,16.0,65.1,5.6,5
2021-11-07,11.9,3.9,59.2,0.0,0.0,43.7,27.1,1020.0,47.2,15.9,56.0,5.0,4
2021-11-08,13.2,5.5,60.1,0.0,0.0,38.9,21.6,1019.0,33.2,16.0,61.3,5.2,5
2021-11-09,11.6,7.0,73.7,0.0,0.0,38.2,21.6,1021.0,73.5,15.1,21.4,1.8,1
2021-11-10,10.3,5.1,71.1,0.0,0.0,39.2,21.8,1018.5,76.0,15.3,40.2,3.6,2
2021-11-11,10.6,5.0,69.1,11.886,0.0,55.5,31.2,1004.1,82.5,14.5,9.7,0.7,0
2021-11-12,3.7,-1.0,72.1,1.365,0.0,59.0,32.9,1007.4,94.5,14.6,22.2,1.9,1
2021-11-13,3.2,-1.8,70.0,0.283,0.1,43.6,25.2,1014.0,99.7,15.3,17.3,1.4,1
2021-11-14,2.2,-1.9,74.4,0.52,0.1,55.8,36.3,1009.9,91.9,14.8,10.3,0.8,0
2021-11-15,0.8,-5.0,65.4,0.068,0.0,33.5,17.3,1019.6,93.8,15.7,14.3,1.2,1
2021-11-16,5.6,0.4,70.1,0.0,0.1,49.2,25.2,1015.8,85.6,15.2,47.3,3.9,4
2021-11-17,12.3,7.7,74.0,4.01,0.0,50.4,25.1,1010.3,99.2,13.4,3.2,0.0,0
2021-11-18,1.5,-7.3,52.1,0.0,0.0,57.1,35.5,1023.1,71.9,15.8,25.8,2.0,2
2021-11-19,1.2,-7.6,52.5,0.0,0.2,40.3,22.3,1031.1,57.4,16.0,52.7,4.4,4
2021-11-20,5.6,-2.9,54.7,0.0,0.1,41.0,22.9,1022.1,88.6,16.0,29.5,2.4,2
2021-11-21,5.9,-2.9,56.3,0.196,0.0,66.8,43.1,1017.7,59.9,15.8,44.0,3.9,3
2021-11-22,-1.0,-13.6,39.2,0.0,0.0,41.0,25.8,1023.2,31.1,16.0,66.8,5.7,4
2021-11-23,1.2,-10.4,43.4,0.0,0.0,48.5,28.6,1022.3,34.4,16.0,54.9,4.7,4
2021-11-24,7.6,-1.2,54.3,1.031,0.0,55.2,32.4,1014.8,77.1,15.9,22.5,2.0,1
2021-11-25,4.1,-0.7,71.7,0.787,0.0,46.6,30.8,1019.0,98.5,15.4,7.9,0.7,0
2021-11-26,-3.6,-13.2,48.5,0.0,0.1,47.9,32.0,1023.1,68.3,16.0,34.1,2.9,1
2021-11-27,2.1,-4.7,61.0,0.0,0.1,40.7,23.8,1012.4,76.5,16.0,28.1,2.4,1
2021-11-28,0.8,-8.8,50.8,0.0,0.2,50.6,31.5,1017.9,21.1,16.0,53.3,4.6,3
2021-11-29,1.6,-8.4,48.4,0.0,0.2,45.2,26.5,1016.0,83.2,16.0,21.3,1.8,1
2021-11-30,5.5,-4.2,50.6,0.0,0.3,39.2,22.0,1016.3,33.4,16.0,56.1,4.7,4
2021-12-01,6.2,1.3,71.1,0.0,0.1,40.7,21.9,1013.0,93.0,15.8,16.7,1.3,1
2021-12-02,10.6,-0.6,47.6,0.0,0.0,50.1,27.8,1010.0,73.4,16.0,51.0,4.4,3
2021-12-03,7.3,0.9,64.5,0.0,0.0,27.4,17.8,1017.8,76.8,15.9,20.6,1.6,1
2021-12-04,3.3,-8.1,50.7,0.0,0.0,36.4,21.5,1025.5,80.5,13.4,37.1,3.3,2
2021-12-05,3.6,-3.3,64.3,4.929,0.0,55.4,33.9,1012.5,99.0,12.1,3.7,0.1,0
2021-12-06,-1.1,-10.2,51.5,0.0,0.0,63.5,40.8,1015.3,57.2,16.0,32.8,2.6,2
2021-12-07,-7.1,-17.8,43.0,0.0,0.2,33.5,20.9,1024.2,80.0,16.0,28.0,2.5,2
2021-12-08,-1.5,-8.9,57.5,0.0,0.1,33.5,20.5,1016.4,68.7,16.0,44.9,3.9,2
2021-12-09,3.4,-3.6,60.9,0.0,0.1,44.4,24.1,1010.0,92.2,15.7,11.9,1.0,1
2021-12-10,6.6,3.0,78.0,20.892,0.0,57.7,33.2,1006.9,81.3,12.7,27.5,2.4,1
2021-12-11,5.6,-0.3,66.3,0.0,0.0,96.9,54.5,1003.4,55.4,15.7,33.3,2.9,2
2021-12-12,4.5,-4.8,52.3,0.0,0.0,53.1,30.7,1019.6,40.9,16.0,50.6,4.4,3
2021-12-13,5.3,-2.3,59.0,0.0,0.0,42.5,22.1,1022.9,34.5,16.0,48.8,4.2,3
2021-12-14,7.2,1.2,67.4,1.549,0.0,48.4,25.6,1025.5,65.6,14.9,35.8,3.2,2
2021-12-15,15.8,12.0,78.4,0.327,0.0,89.3,57.9,1011.2,100.0,15.5,12.1,1.0,1
2021-12-16,8.1,0.1,57.3,0.196,0.0,85.0,47.0,1010.2,42.9,15.4,48.1,4.1,3
2021-12-17,1.7,-5.1,61.1,0.0,0.0,32.4,21.8,1023.3,51.5,16.0,46.2,4.1,3
2021-12-18,3.0,-1.7,71.8,1.378,0.6,40.3,23.5,1019.8,96.7,13.3,14.5,1.3,1
2021-12-19,1.1,-5.1,63.7,0.0,0.1,40.7,19.4,1026.9,66.3,16.0,49.3,4.3,3
2021-12-20,2.1,-3.2,68.5,0.0,0.0,46.1,26.6,1021.3,46.3,15.9,51.7,4.4,3
2021-12-21,1.0,-5.3,63.6,0.0,0.0,54.2,32.0,1013.0,49.6,15.9,44.0,3.8,3
2021-12-22,-3.0,-12.1,50.3,0.0,0.1,47.6,23.4,1017.8,50.6,16.0,41.0,3.6,3
2021-12-23,3.3,-2.5,66.0,0.0,0.1,40.7,22.9,1011.3,83.9,15.9,23.2,2.0,1
2021-12-24,9.1,6.3,82.9,0.0,0.0,44.6,23.6,1002.1,95.7,12.4,9.3,0.7,0
2021-12-25,7.4,2.2,70.9,1.215,0.0,43.6,24.4,1005.9,60.0,14.8,36.0,3.3,2
2021-12-26,2.6,-1.6,73.8,1.0,0.0,54.2,31.9,1017.3,59.4,15.7,31.7,2.9,1
2021-12-27,4.7,1.8,81.8,12.685,0.2,53.8,33.2,1006.5,92.3,9.4,16.2,1.4,1
2021-12-28,1.9,-1.7,77.9,7.541,1.1,40.0,23.1,1008.0,97.4,9.1,3.8,0.2,0
2021-12-29,2.0,-3.3,69.3,0.414,2.1,37.1,21.0,1012.6,94.9,13.4,35.3,2.9,2
2021-12-30,1.9,-1.8,76.8,0.243,2.1,23.8,15.8,1012.1,99.9,11.7,17.8,1.4,1
2021-12-31,4.3,1.0,79.2,0.0,0.7,43.2,20.9,1007.3,98.6,10.3,21.3,2.0,2
2022-01-01,1.6,-1.3,81.7,2.289,0.3,56.7,36.5,1010.1,100.0,7.4,5.0,0.5,0
2022-01-02,-4.7,-8.9,73.1,0.792,3.4,42.2,30.5,1021.5,66.5,12.7,33.1,2.7,2
2022-01-03,-8.2,-14.6,61.3,0.0,5.6,39.6,20.8,1028.2,11.3,16.0,58.3,5.0,3
2022-01-04,-1.2,-6.9,65.3,0.0,5.9,53.2,31.2,1014.9,68.3,16.0,45.0,3.7,2
2022-01-05,-6.8,-12.0,66.4,0.0,5.5,70.2,42.2,1007.4,93.0,9.9,40.1,3.5,2
2022-01-06,-11.6,-16.6,66.7,0.0,5.2,38.4,24.0,1020.0,41.8,15.4,53.2,4.4,3
2022-01-07,-13.3,-18.9,63.2,0.0,4.8,,19.4,1027.9,38.4,16.0,61.2,5.3,3
2022-01-08,-4.3,-9.2,69.3,0.572,4.4,44.6,27.8,1021.5,73.1,12.1,21.3,1.8,1
2022-01-09,-4.0,-10.5,61.7,0.232,3.6,52.7,30.7,1026.8,44.1,15.3,66.7,5.8,3
2022-01-10,-10.0,-19.4,46.9,0.0,3.4,40.7,24.1,1035.1,39.6,15.9,67.7,5.9,3
2022-01-11,-6.0,-14.1,53.2,0.0,3.2,58.6,35.4,1027.4,38.6,16.0,61.3,5.2,3
2022-01-12,2.9,-2.4,68.3,0.0,2.2,48.2,21.5,1015.9,89.6,16.0,27.4,2.5,2
2022-01-13,2.8,-0.9,77.0,0.0,1.3,31.7,18.4,1014.5,95.6,14.7,24.9,2.2,1
2022-01-14,0.5,-3.4,74.9,0.068,1.1,46.8,29.3,1022.1,99.9,13.7,12.5,1.1,1
2022-01-15,-4.4,-9.2,69.5,0.196,1.3,41.2,29.8,1028.2,74.9,13.6,38.7,3.3,2
2022-01-16,-5.3,-11.4,63.1,0.068,1.0,36.4,21.6,1015.4,49.5,14.7,56.5,5.0,3
2022-01-17,-2.7,-7.7,68.7,0.0,0.9,43.2,27.1,1010.9,89.4,15.6,22.0,1.9,1
2022-01-18,0.9,-4.2,69.5,0.0,0.8,54.1,34.0,1011.7,75.0,15.8,55.4,4.5,2
2022-01-19,-3.9,-10.7,59.4,0.0,0.4,46.3,28.1,1019.1,60.5,16.0,40.8,3.6,2
2022-01-20,-10.2,-18.3,51.9,0.0,0.2,39.6,24.2,1035.9,25.7,16.0,84.1,7.3,5
2022-01-21,-7.6,-14.6,57.7,0.0,0.2,37.4,17.7,1034.9,47.0,16.0,66.8,5.8,4
2022-01-22,-3.8,-11.2,57.0,0.068,1.3,49.1,29.6,1023.1,88.9,15.1,45.9,3.8,3
2022-01-23,-7.7,-12.7,67.6,4.506,7.3,54.4,30.8,1015.1,75.1,11.0,57.8,5.0,4
2022-01-24,-6.9,-11.6,69.7,2.249,7.4,44.3,28.0,1009.3,77.1,11.8,9.7,0.8,0
2022-01-25,-12.9,-20.1,55.1,0.0,6.3,44.3,22.7,1026.2,11.7,16.0,82.7,7.1,4
2022-01-26,-15.3,-22.4,55.3,0.0,5.8,47.5,22.1,1031.7,14.1,16.0,89.8,7.7,4
2022-01-27,-3.1,-10.3,58.0,0.0,5.9,59.8,28.8,1021.7,95.4,15.8,35.8,2.9,2
2022-01-28,-6.3,-11.4,67.6,1.062,9.4,42.8,23.0,1026.9,78.3,9.1,35.4,3.0,3
2022-01-29,-8.5,-15.7,56.5,0.0,9.6,36.4,16.1,1021.8,81.0,16.0,69.9,6.1,3
2022-01-30,-4.5,-10.2,64.5,0.0,8.1,28.8,16.2,1015.6,61.1,16.0,42.8,3.6,3
2022-01-31,-0.5,-7.2,60.9,0.0,7.1,45.6,24.1,1019.7,89.7,14.7,65.5,5.7,4
2022-02-01,4.1,-1.4,67.5,1.754,6.5,57.2,25.6,1014.4,87.9,14.6,31.2,2.6,2
2022-02-02,-4.7,-8.4,75.5,4.674,7.4,52.0,31.4,1024.6,100.0,6.7,4.4,0.2,0
2022-02-03,-5.1,-10.3,66.9,0.0,9.8,53.9,36.1,1030.6,100.0,15.4,4.8,0.1,0
2022-02-04,-7.0,-12.4,66.1,0.068,9.1,41.9,25.8,1028.4,85.5,13.7,55.0,4.8,3
2022-02-05,-10.2,-16.3,61.8,0.0,8.5,47.4,28.7,1030.1,47.4,16.0,88.2,7.6,3
2022-02-06,-3.2,-9.2,63.6,0.0,8.0,74.9,25.7,1021.8,46.4,16.0,81.2,7.0,3
2022-02-07,-4.5,-9.7,67.8,0.0,7.2,41.4,23.8,1022.4,77.6,14.6,63.3,5.5,4
2022-02-08,-1.6,-7.4,64.8,0.0,6.6,42.5,22.5,1014.5,70.8,15.7,117.6,10.3,6
2022-02-09,2.9,-1.9,71.0,0.0,5.3,49.7,29.7,1007.1,80.0,16.0,66.2,5.6,6
2022-02-10,-0.7,-5.8,68.3,0.068,3.5,49.3,25.7,1012.0,97.7,15.7,25.5,2.2,1
2022-02-11,3.0,-1.0,75.0,3.027,2.6,66.7,35.2,1003.8,95.5,14.4,55.9,4.9,5
2022-02-12,-6.9,-14.9,53.5,0.0,1.3,44.7,29.7,1026.2,71.4,15.8,129.5,11.2,7
2022-02-13,-8.9,-16.7,53.7,0.0,0.9,38.5,17.9,1027.0,69.5,15.8,135.5,11.8,7
2022-02-14,-6.3,-13.8,55.6,0.0,0.9,24.1,14.7,1027.4,90.2,15.9,67.5,5.8,4
2022-02-15,0.0,-7.7,57.1,0.0,0.8,50.2,24.7,1026.5,77.5,15.8,108.5,9.3,6
2022-02-16,9.9,3.7,66.0,15.225,0.4,65.5,38.0,1010.5,95.1,14.6,27.8,2.3,2
2022-02-17,-1.7,-5.5,75.9,11.194,0.7,60.5,36.8,1014.6,98.7,9.5,14.3,1.1,1
2022-02-18,-6.8,-13.6,59.3,0.0,3.5,64.5,39.1,1019.3,41.1,15.9,101.1,8.8,7
2022-02-19,-8.0,-16.5,51.0,0.0,3.0,74.5,42.5,1027.5,22.9,16.0,160.3,13.6,7
2022-02-20,2.5,-5.0,58.1,0.0,1.6,68.7,42.8,1015.1,33.9,16.0,137.6,11.8,6
2022-02-21,5.5,1.3,74.8,0.0,0.1,44.3,19.3,1013.8,82.7,14.9,78.7,6.7,5
2022-02-22,2.6,0.5,86.4,20.719,0.0,48.9,30.3,1010.2,100.0,8.4,11.8,0.9,1
2022-02-23,-5.6,-11.7,62.3,0.0,0.0,43.9,26.1,1031.7,80.7,14.8,98.1,8.4,6
2022-02-24,-3.0,-7.6,71.2,1.157,0.9,40.7,27.6,1027.6,100.0,11.4,23.9,2.1,1
2022-02-25,-3.3,-8.1,70.5,1.415,3.7,34.9,18.7,1029.5,68.5,12.8,73.3,6.4,6
2022-02-26,-4.2,-9.9,65.2,0.0,2.3,55.4,24.5,1031.9,7.7,16.0,150.3,13.0,7
2022-02-27,1.7,-6.8,54.9,0.0,1.0,42.4,26.1,1024.1,16.7,16.0,139.5,12.1,7
2022-02-28,5.1,-3.2,57.0,0.0,0.2,55.2,33.5,1019.1,60.7,15.9,122.1,10.6,6
2022-03-01,6.3,-0.6,61.9,0.0,0.0,42.5,17.7,1015.6,83.4,16.0,76.8,6.6,4
2022-03-02,6.3,-0.5,63.3,0.036,0.0,42.5,30.8,1018.5,84.3,15.8,91.8,8.0,4
2022-03-03,0.2,-7.9,54.7,0.0,0.0,49.5,35.7,1029.3,87.6,16.0,99.1,8.7,5
2022-03-04,2.3,-6.7,52.1,0.0,0.0,21.2,20.3,1028.4,83.9,16.0,85.7,7.4,4
2022-03-05,13.7,3.9,52.2,0.693,0.0,73.8,40.7,1011.4,75.6,16.0,95.7,8.2,5
2022-03-06,6.1,0.3,66.6,3.769,0.1,81.7,47.3,1013.1,89.2,15.7,63.1,5.4,3
2022-03-07,1.3,-2.9,73.8,7.174,0.5,44.4,25.6,1016.0,100.0,10.8,33.0,3.0,2
2022-03-08,1.1,-6.5,57.0,0.0,0.1,31.7,19.1,1021.8,59.8,16.0,143.8,12.4,7
2022-03-09,2.1,-5.5,58.2,0.0,0.0,37.8,22.9,1017.6,46.0,16.0,146.0,12.4,7
2022-03-10,-2.6,-9.2,61.1,0.104,0.0,31.7,20.3,1023.6,93.2,13.2,86.0,7.4,3
2022-03-11,-3.7,-11.1,58.3,0.23,0.2,55.6,33.7,1019.2,73.3,12.9,110.4,9.6,7
2022-03-12,-7.5,-16.8,48.0,0.0,0.0,48.4,25.8,1022.2,28.1,16.0,154.2,13.3,7
2022-03-13,3.7,-5.8,50.2,0.0,0.0,51.1,28.7,1015.5,45.7,15.9,169.2,13.9,7
2022-03-14,9.8,0.4,54.8,0.0,0.0,49.4,26.6,1019.3,78.8,16.0,124.2,10.9,6
2022-03-15,6.1,0.5,68.4,0.0,0.0,32.0,15.2,1021.7,48.8,16.0,128.1,10.9,6
2022-03-16,12.5,4.0,59.0,0.0,0.0,47.7,29.3,1015.0,52.6,15.5,104.1,9.0,5
2022-03-17,14.0,5.5,57.3,0.0,0.0,38.2,19.4,1011.6,66.1,15.9,99.8,8.6,5
2022-03-18,6.8,3.0,77.2,13.857,0.0,53.6,34.7,1009.4,93.0,12.1,22.7,1.9,1
2022-03-19,4.9,2.7,85.9,3.958,0.0,55.4,26.9,1008.5,92.3,12.7,20.6,1.8,1
2022-03-20,9.3,0.4,57.5,0.0,0.0,32.8,19.0,1019.4,17.1,15.9,149.7,12.9,7
2022-03-21,15.4,2.6,45.1,0.0,0.0,43.7,25.6,1018.0,76.9,16.0,133.1,11.4,6
2022-03-22,12.1,6.3,68.7,1.451,0.0,52.8,35.9,1011.3,96.9,15.1,16.7,1.5,1
2022-03-23,11.7,9.6,87.4,14.345,0.0,53.6,26.3,998.4,99.7,9.1,23.0,2.0,2
2022-03-24,6.5,4.1,84.8,3.803,0.0,47.1,26.7,1004.8,100.0,12.0,25.8,2.2,1
2022-03-25,5.7,0.7,71.1,0.435,0.0,68.4,39.0,1006.7,96.4,15.3,65.0,5.7,4
2022-03-26,0.1,-7.1,58.5,0.0,0.0,51.1,32.4,1011.9,95.4,15.8,41.7,3.6,2
2022-03-27,-1.6,-11.5,47.8,0.0,0.0,48.5,28.8,1022.0,19.0,16.0,178.5,15.3,7
2022-03-28,-1.6,-12.0,45.9,0.0,0.0,35.9,21.0,1026.4,42.9,16.0,165.0,14.2,7
2022-03-29,2.7,-8.2,45.6,0.0,0.0,51.0,31.3,1020.6,98.1,16.0,63.1,5.7,3
2022-03-30,12.3,7.1,72.2,22.331,0.0,49.5,29.9,997.0,97.5,11.9,22.2,1.8,1
2022-03-31,4.7,1.9,82.2,11.799,0.0,39.6,23.6,996.5,100.0,11.9,42.3,3.6,3
2022-04-01,3.0,-3.6,63.2,0.092,0.0,36.4,21.2,1016.3,65.5,15.0,179.2,15.4,9
2022-04-02,3.3,-0.9,74.3,6.215,0.0,38.5,23.4,1016.2,78.5,14.2,30.1,2.7,1
2022-04-03,4.9,1.2,77.3,0.399,0.0,29.9,16.3,1017.2,70.3,14.3,169.4,14.6,8
2022-04-04,8.1,3.6,73.8,4.771,0.0,45.5,28.7,1011.3,90.8,14.5,79.6,6.8,3
2022-04-05,8.0,3.5,73.5,0.0,0.0,31.7,21.5,1007.1,87.3,12.9,113.9,10.0,4
2022-04-06,11.1,5.3,69.0,15.091,0.0,63.2,36.4,999.7,94.9,13.8,132.0,11.3,8
2022-04-07,6.2,0.7,68.3,1.309,0.0,58.1,33.9,1000.9,99.9,15.8,54.2,4.7,2
2022-04-08,3.8,1.1,83.0,5.219,0.0,35.3,19.6,1004.7,96.8,12.5,43.4,3.7,2
2022-04-09,4.2,-2.3,64.0,0.0,0.0,38.9,24.7,1010.9,68.1,15.3,115.2,10.0,3
2022-04-10,10.1,-0.9,49.6,0.0,0.0,58.1,35.5,1010.7,58.1,16.0,185.9,16.2,8
2022-04-11,14.0,2.3,45.6,0.0,0.0,52.4,26.9,1008.2,66.9,16.0,86.8,7.7,4
2022-04-12,14.8,5.2,55.6,0.0,0.0,56.6,35.7,1011.8,55.2,15.8,154.8,13.4,7
2022-04-13,17.9,14.0,78.3,12.003,0.0,79.9,40.9,1000.4,96.8,13.7,46.9,4.1,4
2022-04-14,7.3,-3.9,48.9,1.408,0.0,90.5,54.4,1010.2,32.3,16.0,186.7,16.1,8
2022-04-15,8.5,-4.7,40.1,0.721,0.0,56.9,31.6,1013.4,89.0,16.0,90.9,7.8,6
2022-04-16,5.0,-4.7,50.2,0.0,0.0,44.2,28.6,1019.8,61.2,16.0,169.8,14.6,7
2022-04-17,3.6,-3.9,58.8,0.0,0.0,32.9,24.4,1025.6,64.5,16.0,162.5,14.0,7
2022-04-18,3.2,-0.7,76.3,3.41,0.0,59.1,35.8,1019.6,99.2,12.5,23.3,2.2,1
2022-04-19,5.9,-1.9,58.5,0.0,0.0,53.6,23.2,1021.9,89.2,16.0,121.3,10.2,5
2022-04-20,9.0,1.8,60.8,4.121,0.0,56.4,30.0,1019.5,98.3,15.1,38.8,3.2,1
2022-04-21,14.8,7.1,63.2,2.055,0.0,50.7,30.3,1020.1,51.9,13.7,189.0,16.3,7
2022-04-22,11.3,5.8,69.9,16.883,0.0,51.8,27.3,1025.6,89.4,14.3,16.6,1.3,1
2022-04-23,21.4,12.0,57.8,0.0,0.0,78.4,43.0,1012.4,63.5,16.0,156.8,13.5,5
2022-04-24,20.9,13.4,63.0,4.758,0.0,59.4,34.7,1008.7,87.6,15.7,52.2,4.5,2
2022-04-25,10.7,1.1,51.6,0.0,0.0,50.9,34.0,1017.2,92.3,16.0,72.4,6.4,2
2022-04-26,6.5,-2.7,52.7,0.0,0.0,47.6,27.6,1025.0,76.4,16.0,95.5,8.3,5
2022-04-27,3.7,-3.6,58.9,0.0,0.0,36.7,26.8,1027.5,70.9,16.0,110.0,9.4,5
2022-04-28,8.0,1.4,63.5,0.196,0.0,44.6,22.2,1023.6,98.2,16.0,54.0,4.6,2
2022-04-29,14.1,2.6,46.4,0.229,0.0,46.4,32.1,1017.9,98.6,16.0,87.3,7.4,4
2022-04-30,16.0,9.4,65.7,23.006,0.0,65.7,35.1,1008.6,93.7,15.0,51.0,4.4,3
2022-05-01,12.1,6.5,68.7,0.0,0.0,51.0,32.3,1008.5,93.5,16.0,32.3,2.7,1
2022-05-02,10.9,4.6,65.2,0.0,0.0,39.8,24.5,1016.6,97.8,16.0,53.3,4.4,2
2022-05-03,8.8,6.5,85.6,29.062,0.0,54.1,33.8,1011.9,100.0,7.1,21.0,1.6,1
2022-05-04,9.0,3.9,71.0,0.0,0.0,51.5,26.1,1022.2,76.9,16.0,187.9,16.2,9
2022-05-05,9.8,5.9,76.8,4.753,0.0,34.9,18.1,1018.2,96.1,12.5,38.3,3.5,1
2022-05-06,10.6,7.3,81.4,9.369,0.0,59.3,38.7,1008.9,99.0,7.9,25.0,2.1,1
2022-05-07,13.3,-0.3,40.6,0.0,0.0,42.1,24.8,1014.3,17.2,16.0,219.4,19.0,9
2022-05-08,14.6,3.8,48.8,0.0,0.0,45.3,26.0,1014.6,62.6,16.0,98.2,8.5,4
2022-05-09,21.6,10.5,49.6,0.0,0.0,67.0,39.9,1011.7,43.2,16.0,160.5,13.9,7
2022-05-10,26.8,18.4,61.0,0.0,0.0,48.4,27.7,1015.2,56.5,16.0,130.0,11.2,6
2022-05-11,28.0,20.6,64.7,0.0,0.0,33.5,24.0,1018.1,74.9,15.4,140.4,12.0,6
2022-05-12,29.1,15.2,46.2,0.0,0.0,46.5,26.3,1016.5,43.2,15.1,147.8,12.9,7
2022-05-13,27.7,9.7,33.6,0.0,0.0,39.2,20.7,1013.1,45.9,16.0,150.5,12.9,8
2022-05-14,24.8,13.7,50.8,0.0,0.0,27.7,14.5,1011.9,61.8,16.0,114.8,9.8,7
2022-05-15,21.1,10.6,52.1,0.559,0.0,33.5,19.8,1011.7,81.2,16.0,80.6,6.9,5
2022-05-16,20.2,6.5,46.1,0.0,0.0,48.1,29.5,1010.4,37.0,16.0,177.1,15.1,9
2022-05-17,15.4,3.6,46.4,0.0,0.0,42.8,21.7,1016.2,54.8,16.0,194.8,16.8,9
2022-05-18,14.6,9.8,73.6,8.005,0.0,22.3,18.6,1010.5,98.8,13.4,28.8,2.4,1
2022-05-19,22.0,13.3,62.6,0.22,0.0,55.4,29.0,1002.7,70.6,11.7,124.5,10.8,7
2022-05-20,23.8,17.1,67.2,0.86,0.0,69.0,38.5,998.0,88.0,15.9,81.5,6.9,4
2022-05-21,15.7,11.6,77.1,18.124,0.0,44.6,21.3,1014.1,96.8,15.1,25.4,2.0,1
2022-05-22,14.6,3.7,49.9,0.0,0.0,36.8,21.4,1023.7,81.4,16.0,154.2,13.1,6
2022-05-23,13.1,2.2,49.3,0.0,0.0,42.7,27.7,1026.9,51.6,16.0,183.8,15.8,9
2022-05-24,14.7,5.1,53.8,0.0,0.0,39.2,29.7,1022.5,83.1,16.0,118.5,10.1,6
2022-05-25,19.9,14.1,70.0,4.048,0.0,54.2,22.2,1012.2,91.8,14.1,39.3,3.4,2
2022-05-26,22.7,17.0,71.5,8.96,0.0,54.5,22.3,1006.9,87.5,15.9,51.5,4.3,2
2022-05-27,14.8,11.2,79.6,3.355,0.0,56.8,32.8,1008.9,83.1,15.1,48.7,4.3,2
2022-05-28,18.4,10.3,62.0,0.0,0.0,46.4,21.9,1012.1,54.5,16.0,164.2,14.1,8
2022-05-29,24.0,14.3,56.2,0.0,0.0,55.7,34.1,1008.7,63.6,16.0,144.0,12.3,7
2022-05-30,27.5,14.9,47.8,0.0,0.0,60.5,35.3,1009.1,70.4,16.0,144.8,12.3,7
2022-05-31,27.8,18.0,55.2,0.0,0.0,49.3,28.5,1010.8,74.2,16.0,99.5,8.5,4
2022-06-01,21.0,14.5,67.5,4.231,0.0,46.4,19.1,1013.2,84.6,15.6,78.1,6.6,3
2022-06-02,20.5,8.8,50.6,0.52,0.0,40.7,22.4,1012.3,40.0,15.9,195.3,17.0,10
2022-06-03,22.3,3.9,33.0,0.0,0.0,47.7,28.0,1012.4,16.5,16.0,188.3,16.6,9
2022-06-04,18.1,6.2,46.3,0.0,0.0,33.8,17.1,1014.8,76.4,16.0,40.5,3.4,1
2022-06-05,20.6,9.6,49.8,0.068,0.0,31.0,17.5,1010.3,83.8,16.0,123.2,10.6,7
2022-06-06,20.7,14.6,69.1,7.849,0.0,42.5,22.8,1005.7,89.3,14.3,42.3,3.5,1
2022-06-07,16.8,11.5,72.1,2.042,0.0,38.9,24.4,1011.4,67.5,16.0,56.0,4.9,3
2022-06-08,16.9,11.5,71.6,12.698,0.0,43.9,23.7,1011.3,84.8,15.2,38.2,3.3,2
2022-06-09,19.3,9.8,58.7,0.0,0.0,39.4,24.8,1013.7,62.5,15.7,183.4,15.9,9
2022-06-10,19.8,10.8,57.9,1.133,0.0,45.5,22.4,1012.4,75.5,16.0,130.3,11.4,7
2022-06-11,20.1,14.7,72.0,0.0,0.0,31.3,18.9,1009.5,88.6,15.3,93.6,8.1,4
2022-06-12,18.9,13.7,72.3,0.196,0.0,36.7,22.7,1009.9,76.2,15.1,69.1,5.7,4
2022-06-13,24.0,16.7,64.1,5.607,0.0,85.4,28.9,1009.6,76.9,15.8,118.2,10.2,6
2022-06-14,31.0,21.7,61.0,0.683,0.0,46.2,30.3,1008.7,19.3,15.5,174.1,15.1,8
2022-06-15,32.5,19.7,48.3,0.0,0.0,65.0,38.9,1009.6,51.0,15.9,160.0,13.7,7
2022-06-16,29.9,15.6,48.0,2.76,0.0,60.2,37.7,1011.6,36.9,15.5,167.0,14.5,9
2022-06-17,26.0,12.0,42.6,0.0,0.0,38.9,26.7,1015.2,35.0,16.0,168.5,14.8,8
2022-06-18,19.6,6.1,42.5,0.0,0.0,35.3,21.7,1022.9,17.4,16.0,183.5,15.9,9
2022-06-19,22.4,6.7,39.6,0.0,0.0,31.1,20.3,1022.3,46.9,16.0,141.3,12.2,9
2022-06-20,27.7,11.5,38.5,0.0,0.0,37.1,23.9,1018.2,32.3,16.0,180.0,15.7,9
2022-06-21,31.1,17.5,45.1,0.0,0.0,48.0,30.9,1015.6,11.7,16.0,170.1,14.7,9
2022-06-22,29.1,14.1,41.0,0.0,0.0,42.5,27.6,1015.8,52.9,16.0,119.8,10.5,5
2022-06-23,25.1,11.3,43.6,0.0,0.0,31.7,18.1,1016.4,29.5,16.0,173.1,15.1,9
2022-06-24,27.1,10.9,37.6,0.0,0.0,29.5,18.5,1015.5,41.5,16.0,165.6,14.3,8
2022-06-25,23.8,15.4,60.5,7.676,0.0,55.4,29.1,1014.2,75.7,15.5,21.0,1.9,1
2022-06-26,24.3,14.3,56.8,0.0,0.0,48.1,30.3,1016.2,70.0,15.9,158.8,13.5,8
2022-06-27,21.4,7.8,42.8,0.0,0.0,39.6,23.5,1022.3,16.6,16.0,164.8,14.3,8
2022-06-28,24.0,9.5,41.4,0.0,0.0,42.0,22.2,1021.5,26.5,16.0,175.6,15.3,8
2022-06-29,25.6,14.4,50.6,0.536,0.0,37.1,18.6,1019.8,38.3,16.0,157.3,13.7,7
2022-06-30,28.7,14.8,44.3,0.0,0.0,49.8,30.4,1015.9,46.5,16.0,156.8,13.6,7
2022-07-01,24.7,14.6,53.6,0.0,0.0,42.8,22.6,1013.3,76.1,16.0,69.9,5.8,4
2022-07-02,24.9,10.8,46.0,0.0,0.0,27.7,17.5,1016.4,54.4,15.6,154.1,13.3,7
2022-07-03,26.5,13.3,44.8,0.0,0.0,29.5,17.5,1018.8,33.5,16.0,175.7,15.2,9
2022-07-04,26.6,17.4,58.1,4.015,0.0,46.6,26.7,1015.7,57.2,15.3,101.7,8.7,7
2022-07-05,27.7,22.2,72.7,31.971,0.0,60.8,25.6,1010.5,81.1,14.9,139.4,12.1,6
2022-07-06,23.8,19.6,77.9,7.961,0.0,38.9,22.3,1013.5,88.9,14.8,64.0,5.4,4
2022-07-07,25.5,19.4,69.8,0.0,0.0,35.3,22.2,1015.2,80.9,15.6,124.8,10.9,5
2022-07-08,24.3,19.8,76.1,0.131,0.0,39.6,25.4,1015.6,92.0,15.3,31.8,2.8,1
2022-07-09,22.8,13.9,58.5,0.0,0.0,37.1,25.0,1020.3,27.2,16.0,180.5,15.7,9
2022-07-10,24.5,12.7,51.1,0.0,0.0,35.3,16.9,1017.4,29.0,16.0,178.2,15.2,9
2022-07-11,26.1,18.1,61.9,0.068,0.0,45.7,25.4,1008.4,70.0,16.0,49.3,4.2,2
2022-07-12,26.1,14.4,50.3,0.0,0.0,45.4,23.8,1009.9,27.3,16.0,171.5,14.8,9
2022-07-13,23.9,15.6,60.1,0.0,0.0,37.1,23.4,1014.5,42.6,16.0,114.4,10.0,5
2022-07-14,22.5,14.1,60.2,0.0,0.0,30.6,15.7,1019.7,24.1,16.0,158.0,13.5,8
2022-07-15,21.5,17.9,80.0,16.892,0.0,35.3,15.5,1018.5,88.4,13.6,15.6,1.4,1
2022-07-16,22.6,18.8,79.5,0.0,0.0,36.4,21.4,1014.6,96.3,13.4,56.1,5.0,2
2022-07-17,23.3,19.8,80.6,34.42,0.0,33.1,19.8,1010.8,93.9,14.0,34.3,3.1,1
2022-07-18,26.9,17.2,58.0,0.0,0.0,23.8,14.4,1011.2,42.2,16.0,166.0,14.4,7
2022-07-19,27.9,18.8,59.0,0.0,0.0,52.6,30.6,1009.4,37.5,16.0,157.7,13.6,7
2022-07-20,28.3,19.2,58.5,0.0,0.0,57.5,35.5,1002.9,55.9,16.0,165.3,14.2,7
2022-07-21,28.4,17.4,52.0,0.0,0.0,50.8,32.4,1006.9,25.3,16.0,151.8,13.0,8
2022-07-22,27.9,15.1,47.8,0.0,0.0,44.6,24.4,1012.4,46.5,16.0,154.4,13.2,9
2022-07-23,26.1,19.7,68.9,26.964,0.0,63.1,36.8,1012.5,75.9,15.4,100.0,8.6,6
2022-07-24,27.0,20.6,68.9,8.271,0.0,50.5,33.3,1010.0,80.9,15.2,52.7,4.7,4
2022-07-25,22.8,14.6,60.1,0.0,0.0,30.2,18.9,1016.0,59.2,16.0,167.3,14.4,8
2022-07-26,23.6,14.1,56.1,0.0,0.0,33.5,16.9,1014.8,69.3,16.0,155.1,13.3,8
2022-07-27,25.0,18.9,69.6,10.865,0.0,66.6,20.7,1010.7,74.4,15.6,117.5,10.2,7
2022-07-28,24.2,14.4,55.5,0.131,0.0,40.3,23.3,1011.7,64.8,16.0,112.0,9.5,7
2022-07-29,23.3,12.8,53.2,0.0,0.0,35.3,23.6,1016.1,34.4,16.0,143.3,12.6,7
2022-07-30,24.4,13.9,53.6,0.0,0.0,23.4,16.9,1020.4,37.9,16.0,129.1,11.1,6
2022-07-31,25.7,15.3,53.9,0.0,0.0,42.7,22.3,1016.8,48.6,16.0,142.7,12.4,9
2022-08-01,26.7,18.3,61.3,0.0,0.0,41.4,27.0,1010.0,65.0,15.9,95.3,8.0,6
2022-08-02,26.8,17.9,59.1,0.0,0.0,43.5,24.3,1012.6,29.7,16.0,115.7,10.0,5
2022-08-03,27.9,21.0,66.5,2.043,0.0,62.8,31.8,1008.8,70.4,15.9,79.9,7.0,3
2022-08-04,25.3,20.2,73.8,0.0,0.0,46.1,22.6,1014.1,81.6,16.0,67.7,5.9,3
2022-08-05,26.6,20.2,68.7,0.0,0.0,31.7,17.3,1017.2,39.8,16.0,137.3,11.8,8
2022-08-06,29.6,22.3,66.0,0.0,0.0,40.6,23.7,1016.5,41.2,15.5,132.3,11.4,8
2022-08-07,27.0,22.7,77.6,3.534,0.0,44.3,18.1,1016.1,89.0,15.7,29.6,2.7,1
2022-08-08,24.3,20.8,80.9,3.939,0.0,50.8,26.4,1013.3,93.7,14.8,33.3,2.8,3
2022-08-09,21.7,14.3,63.8,0.0,0.0,32.2,23.3,1018.5,47.7,16.0,94.2,8.4,8
2022-08-10,23.8,14.6,58.1,0.0,0.0,21.6,14.4,1019.8,16.4,16.0,105.8,9.2,5
2022-08-11,23.8,13.9,55.2,0.0,0.0,47.9,28.9,1020.4,42.5,16.0,96.0,8.3,6
2022-08-12,22.0,12.8,56.7,0.0,0.0,33.5,15.3,1022.2,67.6,16.0,78.6,6.8,3
2022-08-13,23.7,13.3,52.5,0.0,0.0,46.7,27.3,1017.0,86.5,16.0,76.0,6.4,4
2022-08-14,22.5,17.2,72.1,0.0,0.0,38.5,26.7,1012.4,90.5,16.0,34.8,3.0,2
2022-08-15,23.1,15.4,63.1,0.0,0.0,42.5,22.4,1016.7,70.5,16.0,121.2,10.5,8
2022-08-16,23.2,13.3,57.1,0.0,0.0,38.9,24.6,1018.4,28.1,15.9,114.1,9.9,8
2022-08-17,23.2,14.8,61.4,0.0,0.0,33.5,17.3,1018.8,32.1,16.0,115.1,9.8,7
2022-08-18,24.0,13.9,56.2,0.0,0.0,33.5,20.5,1015.6,37.6,16.0,98.8,8.4,7
2022-08-19,25.6,15.0,53.5,0.0,0.0,45.2,22.7,1013.2,55.6,16.0,107.8,9.4,8
2022-08-20,22.5,17.9,75.9,14.6,0.0,39.6,22.6,1013.6,87.8,14.6,59.0,5.1,4
2022-08-21,22.9,18.3,76.4,7.521,0.0,33.5,22.6,1014.2,72.3,13.6,59.4,5.0,3
2022-08-22,23.2,15.9,65.7,0.0,0.0,27.7,17.7,1016.2,33.1,15.9,108.4,9.2,8
2022-08-23,24.0,14.2,56.6,0.0,0.0,23.4,13.1,1015.3,46.4,16.0,85.4,7.4,4
2022-08-24,25.1,14.6,53.7,0.0,0.0,21.2,18.1,1016.7,28.1,16.0,77.4,6.4,4
2022-08-25,23.3,17.9,72.0,6.133,0.0,38.5,18.7,1014.8,86.9,15.1,29.4,2.8,1
2022-08-26,22.5,16.6,70.2,0.0,0.0,32.0,19.9,1017.1,65.8,16.0,80.8,6.9,4
2022-08-27,22.6,15.5,65.9,0.0,0.0,30.2,16.5,1016.5,44.7,16.0,149.7,12.9,7
2022-08-28,26.6,19.1,63.9,2.0,0.0,51.8,26.2,1010.4,68.9,15.6,170.5,14.7,8
2022-08-29,25.6,20.1,72.2,8.331,0.0,55.4,24.2,1009.4,61.4,15.6,70.6,6.1,5
2022-08-30,23.8,13.6,54.3,2.245,0.0,51.7,29.3,1013.1,25.5,16.0,69.4,5.9,4
2022-08-31,24.0,13.9,54.7,0.0,0.0,37.4,23.1,1015.7,9.1,16.0,82.3,6.9,4
2022-09-01,26.2,16.5,57.1,0.0,0.0,33.7,20.9,1015.8,38.8,16.0,79.0,6.7,4
2022-09-02,26.4,17.1,57.9,0.0,0.0,40.6,23.9,1016.2,78.1,16.0,81.0,7.1,5
2022-09-03,25.1,18.0,66.1,0.0,0.0,42.5,24.4,1018.0,62.5,16.0,64.9,5.6,3
2022-09-04,22.2,18.1,77.7,2.678,0.0,38.9,25.6,1018.4,99.4,15.8,19.6,1.8,1
2022-09-05,21.2,16.8,76.3,0.196,0.0,29.5,20.7,1018.0,100.0,16.0,17.6,1.6,1
2022-09-06,23.0,17.5,72.0,0.0,0.0,21.6,16.3,1019.2,81.0,15.9,51.2,4.4,3
2022-09-07,23.1,15.2,63.5,0.0,0.0,29.5,18.7,1019.5,45.6,15.9,62.1,5.3,4
2022-09-08,23.6,13.4,55.2,0.0,0.0,26.3,13.3,1014.7,18.6,16.0,74.5,6.5,4
2022-09-09,23.8,13.3,53.2,0.0,0.0,40.7,19.8,1012.9,4.1,16.0,74.3,6.3,4
2022-09-10,24.3,14.8,57.4,0.0,0.0,27.7,17.0,1015.5,51.4,16.0,71.8,6.1,4
2022-09-11,19.8,16.6,81.7,35.167,0.0,49.0,29.6,1012.1,91.6,13.5,11.9,0.9,1
2022-09-12,15.6,11.2,75.6,0.851,0.0,45.0,24.3,1008.4,93.4,14.4,37.3,3.2,1
2022-09-13,20.3,14.4,70.4,0.068,0.0,31.7,17.3,1011.6,69.2,15.8,45.8,4.0,3
2022-09-14,20.3,14.3,69.8,0.0,0.0,19.1,16.9,1019.3,25.9,16.0,62.8,5.3,3
2022-09-15,22.6,15.5,66.3,0.0,0.0,29.5,17.0,1021.5,49.3,15.5,70.8,6.1,4
2022-09-16,24.0,15.8,62.0,0.0,0.0,38.9,23.1,1018.9,74.3,16.0,69.0,5.8,4
2022-09-17,25.3,16.0,57.5,0.0,0.0,59.2,32.4,1015.6,80.2,16.0,63.6,5.5,4
2022-09-18,26.0,16.7,57.3,0.036,0.0,43.0,24.0,1012.6,63.0,16.0,63.1,5.4,4
2022-09-19,22.7,16.2,68.3,6.982,0.0,53.6,18.4,1014.1,38.5,15.8,72.7,6.3,4
2022-09-20,24.0,17.4,67.5,4.023,0.0,70.4,45.0,1013.1,45.0,15.6,65.2,5.7,4
2022-09-21,26.0,15.6,53.9,0.871,0.0,46.9,26.2,1010.2,55.1,16.0,72.7,6.2,6
2022-09-22,15.7,6.2,53.7,0.0,0.0,45.8,27.3,1020.5,41.7,16.0,78.8,6.7,4
2022-09-23,14.7,5.4,55.0,0.0,0.0,35.3,16.3,1022.3,76.5,16.0,47.6,4.2,3
2022-09-24,16.9,10.5,66.7,1.376,0.0,40.7,20.9,1012.3,92.8,15.6,41.4,3.6,2
2022-09-25,17.0,11.7,71.2,1.879,0.0,48.1,24.1,1007.4,88.9,15.6,42.6,3.6,3
2022-09-26,14.3,6.2,58.8,0.0,0.0,51.5,27.7,1011.4,46.3,16.0,80.6,7.0,6
2022-09-27,12.5,3.3,54.9,0.0,0.0,45.1,28.9,1019.1,55.5,16.0,75.6,6.4,6
2022-09-28,12.2,4.6,60.0,0.0,0.0,43.9,22.4,1030.2,53.9,16.0,65.2,5.6,5
2022-09-29,12.8,5.9,64.0,0.0,0.0,21.2,12.8,1031.3,52.4,16.0,63.0,5.3,4
2022-09-30,14.2,7.2,64.0,0.0,0.0,29.5,17.3,1025.3,16.6,16.0,66.0,5.6,5
2022-10-01,15.8,8.9,65.7,0.0,0.0,37.9,26.0,1022.7,13.8,15.9,67.8,5.7,6
2022-10-02,15.9,10.3,69.7,0.0,0.0,36.5,24.4,1026.6,36.3,16.0,27.6,2.4,1
2022-10-03,14.6,5.9,57.9,0.0,0.0,31.7,13.9,1027.4,12.4,16.0,61.5,5.1,6
2022-10-04,15.5,5.3,55.5,0.0,0.0,16.9,11.5,1023.3,29.4,16.0,46.4,4.0,2
2022-10-05,17.8,3.5,43.2,0.0,0.0,31.7,15.4,1018.9,73.7,15.9,64.0,5.6,5
2022-10-06,17.7,9.1,58.9,2.245,0.0,57.4,37.4,1017.0,86.3,15.6,82.4,7.0,5
2022-10-07,10.2,2.9,61.0,0.0,0.0,54.6,29.0,1027.6,68.1,16.0,37.3,3.3,3
2022-10-08,9.2,-0.8,52.7,0.0,0.0,44.9,29.8,1027.1,28.7,16.0,49.9,4.2,3
2022-10-09,13.7,1.6,45.1,0.0,0.0,46.1,19.5,1020.2,45.3,16.0,53.7,4.7,6
2022-10-10,15.6,7.0,59.2,0.0,0.0,22.3,18.2,1020.4,25.8,15.7,60.4,5.2,6
2022-10-11,15.9,10.0,69.5,11.992,0.0,48.4,28.5,1017.2,66.1,14.0,36.3,3.1,4
2022-10-12,15.5,10.3,71.5,10.028,0.0,57.6,29.8,1006.8,85.6,15.0,34.7,3.0,2
2022-10-13,9.1,-0.1,54.0,0.036,0.0,62.3,36.2,1006.0,46.8,16.0,63.0,5.4,5
2022-10-14,9.0,-1.7,51.0,1.895,0.0,56.5,27.7,1005.1,86.8,15.9,60.9,5.2,5
2022-10-15,7.8,0.7,62.7,0.0,0.0,55.8,26.3,1012.3,41.4,16.0,69.4,6.1,6
2022-10-16,9.6,1.1,56.8,0.0,0.0,48.3,30.9,1013.8,60.9,16.0,31.3,2.6,2
2022-10-17,5.4,-2.3,57.8,0.0,0.0,59.6,39.7,1012.6,88.2,16.0,23.9,2.2,1
2022-10-18,5.8,-3.6,51.5,0.0,0.0,53.6,33.6,1016.4,93.5,16.0,44.0,3.8,3
2022-10-19,5.6,-4.9,48.4,0.0,0.0,49.3,26.6,1015.6,39.4,16.0,78.8,6.8,6
2022-10-20,8.3,-5.8,38.2,0.0,0.0,38.9,19.6,1009.5,61.5,16.0,38.8,3.4,4
2022-10-21,15.5,2.0,43.4,0.0,0.0,50.3,28.1,1007.1,40.6,16.0,74.7,6.4,6
2022-10-22,20.3,8.2,46.8,0.0,0.0,47.5,28.2,1008.9,27.4,16.0,77.0,6.6,6
2022-10-23,21.9,11.1,51.4,0.0,0.0,66.4,39.3,1011.7,42.1,16.0,69.2,5.8,5
2022-10-24,21.9,10.4,48.5,0.428,0.0,58.9,34.4,1010.5,83.1,16.0,31.8,2.7,2
2022-10-25,15.9,10.6,73.3,19.862,0.0,48.0,28.5,1005.1,97.2,11.4,7.9,0.6,0
2022-10-26,9.3,3.1,66.2,1.244,0.0,52.0,32.9,1013.6,49.7,15.9,75.3,6.4,6
2022-10-27,8.6,2.5,66.8,0.0,0.0,36.4,19.1,1026.8,69.5,16.0,64.9,5.6,5
2022-10-28,11.0,3.1,59.4,0.0,0.0,35.6,12.7,1029.1,44.9,16.0,73.7,6.2,6
2022-10-29,11.5,4.4,64.7,0.0,0.0,19.1,16.1,1026.2,26.8,15.7,72.3,6.2,6
2022-10-30,12.8,6.9,68.6,1.07,0.0,23.8,14.1,1016.2,84.2,14.3,29.1,2.4,2
2022-10-31,13.6,11.6,88.1,0.636,0.0,22.3,12.4,1010.5,83.3,5.3,12.0,0.9,1
2022-11-01,14.0,5.3,60.2,0.0,0.0,24.1,15.9,1019.4,5.6,14.3,72.2,6.2,6
2022-11-02,15.5,7.7,61.7,0.0,0.0,37.1,17.3,1023.4,10.5,16.0,69.1,5.9,5
2022-11-03,18.0,8.8,56.6,0.0,0.0,54.1,31.6,1019.1,49.8,16.0,58.5,5.0,4
2022-11-04,19.6,11.2,58.9,4.054,0.0,66.3,31.7,1010.6,96.2,15.6,14.1,1.3,1
2022-11-05,14.8,9.3,70.0,6.849,0.0,85.6,50.8,1001.2,88.3,14.9,12.4,0.7,1
2022-11-06,11.8,4.1,59.9,0.0,0.0,53.9,31.8,1014.0,41.3,16.0,65.3,5.8,5
2022-11-07,9.1,-3.6,42.1,0.0,0.0,43.6,18.3,1032.2,39.7,16.0,72.8,6.3,6
2022-11-08,9.6,1.7,58.2,0.0,0.0,49.7,21.4,1034.8,60.7,16.0,67.3,5.8,5
2022-11-09,15.1,4.1,48.4,0.0,0.0,53.6,20.9,1023.6,60.9,16.0,40.0,3.4,4
2022-11-10,19.3,7.1,46.0,0.0,0.0,51.9,28.9,1013.9,44.6,16.0,60.9,5.3,5
2022-11-11,7.1,0.3,62.6,0.0,0.0,42.6,25.5,1011.4,62.0,16.0,51.0,4.4,4
2022-11-12,1.3,-4.7,64.2,0.0,0.0,37.1,22.3,1017.4,99.8,16.0,13.8,1.1,1
2022-11-13,0.4,-7.8,55.0,0.0,0.0,47.9,19.0,1026.1,71.8,16.0,43.6,3.8,2
2022-11-14,1.4,-7.3,53.4,0.0,0.0,42.5,18.5,1028.0,78.9,16.0,61.3,5.3,4
2022-11-15,1.9,-1.1,81.7,3.591,0.3,37.8,19.8,1022.6,99.8,8.2,15.5,1.2,1
2022-11-16,1.2,-1.5,82.8,0.498,0.0,37.4,19.3,1020.1,95.0,12.1,18.8,1.6,1
2022-11-17,-0.3,-5.0,70.9,0.0,0.1,54.8,32.6,1020.7,96.6,14.8,41.0,3.6,4
2022-11-18,-3.7,-9.1,66.3,0.291,0.3,53.0,33.5,1021.9,97.9,14.9,26.8,2.1,2
2022-11-19,-5.4,-12.1,59.4,0.0,0.7,61.9,35.8,1019.9,78.8,15.0,25.6,2.0,1
2022-11-20,-4.5,-12.9,53.4,0.0,0.8,48.9,27.0,1027.1,24.8,16.0,55.3,4.6,3
2022-11-21,2.5,-8.1,46.1,0.0,0.1,48.7,30.0,1021.8,23.2,16.0,62.0,5.2,5
2022-11-22,3.9,-5.8,52.0,0.0,0.0,34.1,20.7,1023.2,27.3,16.0,65.9,5.6,4
2022-11-23,7.1,0.5,63.8,0.0,0.0,44.6,21.0,1021.3,36.0,16.0,59.1,5.1,4
2022-11-24,7.4,2.1,70.1,0.0,0.0,32.0,17.9,1019.7,79.3,15.6,25.2,2.1,1
2022-11-25,5.8,-0.8,64.9,0.0,0.0,34.2,18.0,1022.3,7.5,15.4,62.8,5.4,4
2022-11-26,6.9,-3.0,52.3,0.0,0.0,45.6,28.5,1015.7,36.2,16.0,60.5,5.3,4
2022-11-27,6.0,2.2,77.1,4.426,0.0,52.3,34.2,1003.2,94.8,14.9,15.6,1.3,1
2022-11-28,3.8,-0.5,74.3,0.0,0.0,39.2,20.9,1013.6,72.4,16.0,52.8,4.6,3
2022-11-29,9.4,5.6,77.4,3.935,0.0,63.9,39.4,1005.2,90.5,14.9,29.2,2.5,3
2022-11-30,-3.1,-9.7,60.9,0.0,0.0,68.2,41.7,1017.2,60.1,16.0,38.7,3.3,2
2022-12-01,-2.7,-10.3,57.2,0.0,0.0,46.4,25.9,1029.7,52.1,16.0,56.8,4.8,3
2022-12-02,7.0,-1.9,53.5,0.0,0.0,62.4,34.0,1012.7,96.6,16.0,30.9,2.7,3
2022-12-03,-1.0,-8.9,56.0,0.0,0.0,65.9,39.8,1024.7,32.0,15.9,57.7,4.8,3
2022-12-04,-1.5,-10.8,50.7,0.0,0.0,48.6,26.3,1023.0,13.1,16.0,56.9,4.9,3
2022-12-05,2.5,-3.8,63.7,0.0,0.0,43.2,17.1,1013.2,83.6,15.4,28.6,2.5,2
2022-12-06,4.9,1.9,80.6,0.0,0.0,30.2,14.0,1016.6,92.8,12.5,10.4,0.9,0
2022-12-07,4.5,1.7,82.4,0.0,0.0,20.2,17.1,1024.8,97.2,8.3,13.2,1.2,1
2022-12-08,3.1,-1.7,70.9,0.0,0.0,24.1,21.7,1028.5,84.2,15.3,26.1,2.3,1
2022-12-09,2.7,0.8,87.3,10.496,0.0,44.4,25.4,1023.1,93.6,9.1,5.5,0.6,0
2022-12-10,3.4,1.5,87.2,0.061,0.0,24.1,14.3,1022.6,100.0,9.1,7.8,0.7,0
2022-12-11,3.5,0.0,78.1,0.0,0.0,16.6,14.3,1023.7,100.0,15.1,16.7,1.5,1
2022-12-12,3.8,-0.7,73.3,0.072,0.0,33.5,20.7,1026.2,99.9,15.8,14.4,1.2,1
2022-12-13,2.6,-2.2,71.0,0.431,0.0,55.4,31.0,1022.2,99.3,16.0,9.0,0.7,0
2022-12-14,4.5,2.6,87.5,21.067,0.0,55.4,31.1,1008.9,100.0,7.4,5.6,0.4,0
2022-12-15,1.6,-1.0,83.2,10.809,0.0,48.2,28.7,1001.8,99.2,12.4,9.3,0.8,0
2022-12-16,-1.5,-5.4,74.4,0.333,0.0,47.7,28.0,1005.4,99.9,11.3,19.3,1.6,1
2022-12-17,-4.3,-8.3,73.6,0.0,0.4,47.7,29.8,1009.4,100.0,15.0,15.4,1.3,1
2022-12-18,-7.8,-12.2,70.6,0.0,0.5,41.5,26.2,1021.6,50.5,15.9,51.2,4.4,3
2022-12-19,-7.3,-13.0,64.1,0.0,0.3,35.3,15.1,1031.4,60.6,16.0,40.3,3.7,2
2022-12-20,-2.4,-6.6,72.8,0.0,0.2,20.5,15.3,1032.1,88.7,15.6,24.8,1.9,1
2022-12-21,-4.5,-9.0,71.3,0.0,0.2,33.5,15.7,1029.0,89.6,14.5,22.7,1.8,1
2022-12-22,-6.2,-9.9,75.0,0.543,0.5,56.7,36.6,1012.7,100.0,7.3,10.0,0.9,1
2022-12-23,-20.1,-25.1,64.7,0.0,2.6,75.2,46.0,1013.6,99.1,5.5,21.0,1.9,1
2022-12-24,-14.4,-20.2,61.6,0.0,3.2,59.6,40.4,1015.3,48.4,13.9,49.3,4.3,3
2022-12-25,-12.9,-18.7,62.0,0.0,2.9,50.4,26.8,1019.4,41.0,16.0,48.6,4.1,3
2022-12-26,-7.8,-13.0,66.6,0.068,2.6,25.9,19.9,1022.7,87.5,14.7,25.3,2.3,1
2022-12-27,-8.2,-12.2,73.7,0.0,2.2,54.6,32.4,1021.2,60.2,16.0,50.9,4.4,2
2022-12-28,2.6,-3.1,67.0,0.0,1.6,63.3,35.8,1010.3,78.9,16.0,44.0,3.8,2
2022-12-29,10.8,7.6,80.5,0.0,0.2,56.9,34.2,1010.0,82.4,15.8,18.8,1.7,1
2022-12-30,6.1,2.6,78.3,0.0,0.0,54.9,28.1,1014.7,90.5,14.2,15.7,1.3,1
2022-12-31,0.5,-3.0,78.0,0.0,0.0,29.5,13.4,1014.0,85.9,15.3,36.2,3.3,2
2023-01-01,5.1,3.4,89.1,2.938,0.0,22.3,14.0,1014.0,93.7,8.0,22.8,2.0,1
2023-01-02,3.4,1.8,90.0,0.0,0.0,31.7,19.3,1017.2,86.0,7.4,26.5,2.2,1
2023-01-03,6.1,5.4,95.4,24.194,0.0,37.1,21.7,1004.3,99.6,3.1,9.7,0.8,1
2023-01-04,2.8,0.2,82.7,0.208,0.0,34.4,20.3,1006.9,89.6,13.7,8.5,0.6,0
2023-01-05,0.6,-2.2,81.5,0.1,0.0,35.3,20.0,1012.3,99.7,11.2,18.9,1.5,1
2023-01-06,-1.5,-4.7,78.9,0.036,0.0,29.5,21.0,1021.5,99.6,14.7,10.4,0.7,0
2023-01-07,-1.0,-5.0,74.3,0.0,0.0,27.7,15.1,1028.9,98.8,15.4,20.0,1.7,1
2023-01-08,-0.9,-4.9,74.7,0.0,0.0,13.0,16.9,1025.0,96.5,15.4,26.3,2.2,1
2023-01-09,1.2,-2.7,75.9,0.0,0.0,37.1,21.8,1019.9,60.3,13.2,55.4,4.9,3
2023-01-10,5.2,0.6,73.0,0.0,0.0,31.3,17.3,1012.1,59.2,15.1,55.2,4.8,3
2023-01-11,7.1,3.2,76.9,0.0,0.0,14.8,12.7,1009.6,93.5,14.0,35.8,3.0,2
2023-01-12,3.4,-0.1,78.1,0.0,0.0,53.6,34.6,1014.5,99.0,12.2,11.3,1.0,1
2023-01-13,-0.7,-5.2,71.3,0.213,0.0,51.5,34.0,1024.0,100.0,15.2,13.7,1.2,1
2023-01-14,-2.7,-7.5,69.9,0.0,0.0,33.5,15.6,1025.8,89.1,16.0,60.4,5.1,4
2023-01-15,1.3,-5.2,63.3,0.0,0.0,50.7,27.9,1019.0,79.9,16.0,52.2,4.6,3
2023-01-16,6.8,1.2,70.2,4.178,0.0,50.0,27.7,1005.1,98.4,13.2,8.5,0.7,1
2023-01-17,4.9,1.5,78.8,0.0,0.0,58.8,34.7,1003.2,97.7,15.2,10.8,0.8,1
2023-01-18,3.2,-0.7,75.9,5.639,0.0,57.6,37.0,1013.8,99.9,15.2,24.3,2.1,1
2023-01-19,3.6,2.2,90.7,3.469,0.0,56.5,29.4,1001.2,100.0,9.2,10.5,0.9,0
2023-01-20,0.5,-3.7,73.5,0.0,0.0,43.1,25.5,1018.1,100.0,15.7,10.5,0.9,0
2023-01-21,-1.1,-4.8,76.0,0.0,0.0,20.5,18.3,1022.0,100.0,16.0,24.1,2.1,1
2023-01-22,-0.2,-2.5,84.7,1.111,0.3,25.9,16.5,1013.4,99.9,8.5,16.3,1.4,1
2023-01-23,-2.8,-5.8,79.8,0.0,0.0,43.2,27.4,1018.9,90.0,14.1,51.1,4.3,3
2023-01-24,0.1,-3.7,76.1,0.0,0.0,33.0,21.3,1022.0,94.9,15.3,48.6,4.2,2
2023-01-25,0.6,-1.1,88.5,6.145,0.9,38.9,18.9,1009.3,99.9,4.3,10.4,0.9,0
2023-01-26,-3.8,-6.5,81.6,0.505,0.6,39.4,28.0,1014.0,99.7,8.3,17.5,1.6,1
2023-01-27,-4.2,-8.1,74.1,0.554,0.6,66.9,36.8,1012.3,59.4,13.6,22.9,2.1,1
2023-01-28,-4.0,-7.7,75.3,1.456,1.2,38.9,21.8,1021.1,93.8,12.1,15.6,1.4,1
2023-01-29,-3.9,-7.3,77.6,0.583,0.7,40.7,25.8,1023.3,99.9,12.8,14.8,1.3,1
2023-01-30,-10.9,-18.0,56.5,0.064,1.8,35.0,22.4,1030.3,68.3,14.7,35.5,3.1,2
2023-01-31,-13.8,-21.4,53.3,0.0,0.7,24.1,17.5,1031.7,24.5,16.0,90.5,7.8,4
2023-02-01,-8.0,-15.7,55.0,0.0,0.7,38.9,25.7,1028.0,17.5,16.0,100.8,8.6,6
2023-02-02,-4.0,-11.9,54.8,0.0,0.6,53.1,33.2,1022.4,6.8,16.0,100.9,8.6,6
2023-02-03,-13.5,-23.2,44.1,0.0,0.6,48.8,30.6,1036.0,44.3,16.0,96.5,8.4,6
2023-02-04,-2.1,-9.9,55.2,0.0,0.6,50.4,28.9,1021.3,70.7,16.0,92.7,7.8,6
2023-02-05,2.9,-3.2,64.3,0.0,0.5,52.3,25.8,1014.4,41.3,16.0,89.9,7.8,4
2023-02-06,1.7,-4.3,65.9,0.0,0.0,58.8,35.6,1019.8,50.9,14.9,84.9,7.3,4
2023-02-07,4.6,-0.1,72.4,0.0,0.0,58.2,32.4,1015.6,70.3,16.0,16.3,1.5,1
2023-02-08,1.7,-3.4,70.2,0.0,0.0,16.6,14.4,1023.3,67.5,15.9,71.3,6.2,4
2023-02-09,3.8,2.4,90.0,23.584,0.1,52.2,29.7,1006.8,100.0,8.5,10.9,0.9,1
2023-02-10,1.3,-5.9,60.7,0.0,0.0,35.3,24.7,1025.3,33.2,15.5,133.3,11.5,7
2023-02-11,1.4,-7.6,54.7,0.0,0.0,35.3,21.1,1027.3,2.3,16.0,132.0,11.4,7
2023-02-12,4.9,-5.4,49.7,0.0,0.0,37.1,19.5,1015.8,29.7,16.0,130.3,11.2,7
2023-02-13,6.2,-4.6,48.4,0.0,0.0,37.6,24.9,1010.4,22.8,16.0,128.3,11.1,7
2023-02-14,7.9,0.1,58.6,1.161,0.0,72.4,40.3,1005.9,80.7,16.0,49.3,4.3,2
2023-02-15,6.3,1.9,73.7,6.113,0.0,81.1,46.6,1006.9,99.4,15.7,26.6,2.4,1
2023-02-16,0.5,-2.0,83.5,7.527,0.1,54.0,36.4,1013.8,98.1,8.7,8.9,0.8,0
2023-02-17,-4.8,-10.2,66.8,0.0,0.6,50.7,30.9,1024.9,46.0,15.9,128.8,11.1,7
2023-02-18,2.2,-5.1,59.1,0.0,0.4,50.2,24.5,1022.5,59.8,16.0,117.4,10.1,6
2023-02-19,6.7,-1.2,57.5,0.0,0.0,55.3,33.8,1011.0,58.4,16.0,131.5,11.3,6
2023-02-20,3.6,-2.2,66.4,0.0,0.0,29.5,17.7,1007.7,51.6,16.0,98.0,8.6,4
2023-02-21,0.9,-8.0,52.7,0.0,0.0,59.1,37.3,1008.0,73.4,16.0,109.9,9.5,6
2023-02-22,1.4,-1.8,80.0,22.377,0.0,50.8,33.1,1005.4,100.0,11.2,5.7,0.4,0
2023-02-23,1.2,-2.4,78.1,0.515,0.0,63.7,37.5,1014.4,95.5,12.0,35.8,3.1,2
2023-02-24,-4.3,-10.0,65.0,0.584,0.1,40.7,19.6,1036.2,67.4,14.5,124.0,10.8,6
2023-02-25,0.0,-4.5,72.4,0.196,0.4,35.3,22.3,1023.8,63.1,15.9,95.6,8.1,7
2023-02-26,3.1,-3.5,64.5,0.0,0.0,38.9,18.7,1015.5,27.2,15.5,143.8,12.5,6
2023-02-27,8.0,3.9,76.2,22.284,0.0,66.1,36.0,994.2,98.4,13.1,38.4,3.3,3
2023-02-28,5.7,-0.9,63.5,0.0,0.0,41.2,22.9,1010.1,81.8,16.0,124.3,10.6,7
2023-03-01,8.1,2.3,68.8,2.96,0.0,37.6,22.4,1007.8,53.5,15.1,127.8,11.2,6
2023-03-02,2.5,-2.3,71.0,0.0,0.0,44.5,21.5,1014.4,84.1,16.0,42.4,3.5,2
2023-03-03,2.3,-1.2,77.9,0.0,0.0,57.4,40.1,1004.3,90.9,14.8,17.9,1.6,1
2023-03-04,3.6,-0.3,77.0,0.669,0.0,38.9,21.9,1014.2,46.5,13.3,101.4,8.7,6
2023-03-05,4.6,-0.2,72.5,0.531,0.0,40.7,24.5,1022.6,58.6,13.9,129.3,11.3,7
2023-03-06,7.0,3.1,76.2,2.883,0.0,47.4,24.3,1014.1,91.6,15.8,42.9,3.6,4
2023-03-07,4.0,-3.2,61.2,0.0,0.0,42.1,28.5,1029.4,69.6,15.9,145.6,12.6,7
2023-03-08,4.6,-7.1,42.8,0.0,0.0,38.3,26.4,1032.9,85.5,16.0,97.6,8.5,5
2023-03-09,3.3,-3.7,61.5,4.214,0.0,50.6,27.5,1025.0,99.6,14.0,33.5,2.9,1
2023-03-10,1.4,-0.7,86.2,3.33,0.3,35.3,23.1,1017.4,99.9,9.2,32.6,2.9,2
2023-03-11,2.2,-1.9,75.0,3.312,0.0,27.7,20.9,1018.3,99.1,14.2,38.9,3.3,2
2023-03-12,1.2,-1.4,82.9,1.993,0.3,39.9,25.1,1013.7,99.5,10.9,23.8,2.0,1
2023-03-13,-1.1,-6.0,69.6,0.018,0.0,49.9,31.6,1018.9,95.8,14.3,40.4,3.3,2
2023-03-14,-1.9,-9.4,57.6,0.0,0.0,33.5,18.7,1028.1,18.3,16.0,154.6,13.5,7
2023-03-15,3.3,-5.0,56.2,0.0,0.0,49.4,27.9,1023.5,45.0,16.0,134.9,11.8,7
2023-03-16,7.2,0.4,63.7,2.208,0.0,54.3,28.1,1008.1,95.8,14.1,20.7,1.8,1
2023-03-17,1.6,-3.3,70.4,3.87,0.0,60.1,40.8,1006.0,80.1,14.3,121.7,10.4,5
2023-03-18,-6.4,-13.7,56.0,0.0,0.0,55.4,36.0,1018.1,69.2,15.4,83.0,7.1,4
2023-03-19,-1.5,-11.1,50.5,0.0,0.0,47.2,29.8,1025.2,6.1,16.0,174.9,15.1,8
2023-03-20,4.9,-8.5,39.2,0.0,0.0,66.6,38.5,1020.0,59.9,16.0,131.8,11.3,8
2023-03-21,6.8,-2.5,52.8,0.0,0.0,50.0,27.8,1020.9,80.9,16.0,88.1,7.5,3
2023-03-22,7.4,4.4,81.4,1.674,0.0,42.0,25.6,1015.6,99.9,9.2,41.3,3.5,2
2023-03-23,5.6,2.7,82.8,5.861,0.0,47.4,27.1,1015.1,95.1,12.3,65.6,5.7,3
2023-03-24,4.7,-1.0,67.4,0.196,0.0,40.6,26.7,1015.1,90.4,16.0,90.8,7.8,4
2023-03-25,3.6,-0.6,76.0,13.063,0.0,54.4,33.6,1002.4,78.2,10.9,74.8,6.5,4
2023-03-26,4.5,-0.3,72.3,3.304,0.0,38.9,25.0,1014.2,75.4,15.7,73.2,6.4,5
2023-03-27,4.3,-2.7,63.4,0.0,0.0,47.2,27.2,1020.8,36.5,15.9,170.0,14.6,7
2023-03-28,4.7,-4.3,53.8,0.0,0.0,41.0,25.2,1025.1,53.3,16.0,114.9,9.8,5
2023-03-29,3.0,-6.8,49.9,0.0,0.0,53.6,31.6,1024.1,56.7,15.7,107.5,9.4,6
2023-03-30,4.8,-5.8,47.6,0.0,0.0,44.6,22.3,1022.8,68.6,16.0,109.9,9.4,6
2023-03-31,15.3,9.6,69.8,14.359,0.0,87.0,47.9,1001.4,94.6,15.6,45.1,3.8,2
2023-04-01,4.8,-0.3,69.7,1.263,0.0,72.4,37.7,1005.1,74.8,15.7,37.3,3.4,2
2023-04-02,6.4,-0.2,64.2,0.0,0.0,50.6,33.8,1015.4,38.5,16.0,167.4,14.5,7
2023-04-03,11.1,1.7,55.8,1.981,0.0,49.4,29.2,1009.1,73.3,15.8,67.9,5.7,4
2023-04-04,11.1,8.8,85.8,12.907,0.0,55.9,26.6,1007.3,98.7,14.1,16.4,1.5,1
2023-04-05,15.7,9.5,66.9,5.164,0.0,78.6,42.8,1005.7,76.4,15.9,71.2,6.0,2
2023-04-06,6.0,-4.9,47.2,0.0,0.0,45.6,26.6,1027.0,48.0,16.0,184.4,16.0,7
2023-04-07,5.9,-4.3,49.3,0.0,0.0,44.6,19.6,1033.4,20.1,16.0,199.5,17.2,9
2023-04-08,10.0,-1.7,48.3,0.0,0.0,38.9,18.6,1029.4,30.2,16.0,154.6,13.3,8
2023-04-09,13.4,-2.4,37.1,0.0,0.0,36.9,24.0,1029.6,48.8,16.0,178.3,15.5,9
2023-04-10,15.9,-1.5,31.8,0.0,0.0,31.7,20.0,1026.9,49.8,16.0,174.8,15.1,7
2023-04-11,19.5,4.0,36.5,0.0,0.0,48.6,28.5,1021.4,46.8,16.0,194.2,17.1,8
2023-04-12,22.1,5.8,36.3,0.0,0.0,57.1,37.4,1013.8,14.3,16.0,194.1,17.0,8
2023-04-13,22.0,4.1,33.0,0.0,0.0,40.3,23.6,1010.4,37.4,16.0,194.8,16.9,8
2023-04-14,21.5,3.8,32.5,0.0,0.0,41.4,18.1,1008.1,48.4,16.0,153.4,13.2,7
2023-04-15,22.7,11.0,48.3,1.588,0.0,67.8,41.2,1006.7,82.7,15.9,107.3,9.1,7
2023-04-16,9.4,5.9,79.8,3.462,0.0,59.0,36.6,1002.7,98.7,14.2,35.6,2.9,2
2023-04-17,2.6,-2.9,68.0,0.557,0.0,59.7,35.6,1004.8,97.2,14.0,41.1,3.6,2
2023-04-18,7.7,-2.7,50.0,0.0,0.0,44.6,20.5,1013.6,23.7,16.0,146.2,12.5,6
2023-04-19,11.2,1.4,52.5,1.375,0.0,48.1,27.9,1014.0,79.9,16.0,96.1,8.1,6
2023-04-20,18.6,10.4,60.3,3.608,0.0,69.2,43.2,1008.9,89.2,15.9,89.3,7.7,4
2023-04-21,11.2,2.0,55.1,0.0,0.0,45.0,27.2,1012.6,83.1,16.0,105.3,9.1,5
2023-04-22,5.9,-1.2,60.5,0.891,0.0,55.9,28.4,1011.4,94.3,15.8,68.2,6.0,3
2023-04-23,4.3,-2.2,63.2,0.0,0.0,33.5,18.9,1018.4,96.9,16.0,36.2,3.1,2
2023-04-24,7.1,-3.8,47.6,0.0,0.0,42.6,26.6,1021.7,88.1,16.0,88.3,7.7,4
2023-04-25,5.8,0.9,71.4,4.037,0.0,37.1,25.8,1022.0,76.1,14.5,72.4,6.1,3
2023-04-26,5.7,-1.5,61.5,0.0,0.0,27.7,19.2,1024.9,17.3,16.0,169.7,14.6,9
2023-04-27,10.8,-0.9,48.2,0.0,0.0,38.4,22.9,1016.7,49.8,16.0,134.3,11.6,9
2023-04-28,12.0,1.1,48.4,0.0,0.0,33.5,22.2,1010.2,73.6,16.0,99.5,8.6,4
2023-04-29,10.1,2.4,59.7,2.049,0.0,42.3,27.1,1004.5,78.0,15.4,47.0,4.1,2
2023-04-30,6.6,1.9,72.5,3.78,0.0,56.4,27.1,997.8,85.8,15.7,65.9,5.7,3
2023-05-01,6.7,2.1,72.9,1.748,0.0,57.1,35.1,997.4,98.8,15.2,37.3,3.3,2
2023-05-02,8.9,0.0,53.9,0.0,0.0,50.0,33.4,1002.8,95.2,16.0,80.4,6.8,7
2023-05-03,8.7,1.3,60.4,0.0,0.0,43.2,26.6,1012.9,59.8,16.0,160.6,13.9,9
2023-05-04,14.1,2.2,48.4,0.0,0.0,35.3,21.4,1015.0,30.6,16.0,151.9,13.0,9
2023-05-05,19.7,3.7,36.0,0.0,0.0,53.6,29.3,1015.9,54.4,16.0,158.4,13.7,8
2023-05-06,19.9,10.2,54.3,0.687,0.0,47.3,28.1,1016.1,94.4,16.0,56.0,4.9,2
2023-05-07,21.4,14.9,67.6,1.007,0.0,39.6,27.4,1011.1,77.1,15.8,131.0,11.4,8
2023-05-08,12.6,9.9,84.0,3.32,0.0,45.9,25.3,1013.9,93.4,13.0,19.5,1.6,1
2023-05-09,14.9,6.6,60.5,0.0,0.0,29.5,19.1,1020.3,55.1,15.4,170.3,14.6,9
2023-05-10,18.0,5.6,47.1,0.0,0.0,29.5,20.5,1020.9,52.4,16.0,171.6,14.8,9
2023-05-11,21.0,5.8,39.9,0.0,0.0,40.7,19.4,1017.7,60.4,16.0,152.9,13.1,9
2023-05-12,20.2,13.3,65.8,5.591,0.0,24.1,16.9,1015.9,95.5,14.1,46.5,3.9,3
2023-05-13,16.1,11.5,74.5,0.433,0.0,37.1,23.8,1019.7,99.0,14.9,46.6,4.1,2
2023-05-14,14.9,6.9,59.2,0.428,0.0,44.3,23.8,1026.2,98.8,16.0,41.1,3.5,2
2023-05-15,15.1,1.6,41.5,0.0,0.0,35.3,21.3,1025.4,85.1,16.0,181.8,15.8,8
2023-05-16,17.2,4.6,45.8,0.0,0.0,56.6,28.6,1012.6,74.5,16.0,139.9,11.9,9
2023-05-17,11.8,3.6,58.2,0.0,0.0,40.7,25.2,1016.0,53.1,16.0,178.8,15.2,8
2023-05-18,15.7,1.2,41.1,0.0,0.0,31.7,19.3,1016.9,57.4,16.0,137.8,11.8,6
2023-05-19,19.0,9.5,55.3,1.231,0.0,38.9,23.2,1014.0,85.5,13.9,67.3,5.7,2
2023-05-20,15.4,5.1,51.8,0.0,0.0,34.1,18.0,1020.2,19.6,16.0,166.9,14.2,8
2023-05-21,19.4,4.9,40.6,0.0,0.0,33.5,20.3,1020.2,16.3,16.0,202.0,17.4,9
2023-05-22,20.8,5.5,39.4,0.0,0.0,36.3,24.4,1019.4,41.3,16.0,161.2,13.9,8
2023-05-23,22.3,6.6,38.3,0.0,0.0,38.9,22.5,1018.9,13.8,16.0,158.9,13.6,7
2023-05-24,16.7,7.5,54.8,0.0,0.0,53.6,29.8,1021.2,37.5,16.0,174.0,15.0,8
2023-05-25,12.4,0.6,44.9,0.0,0.0,41.0,26.1,1025.5,48.1,16.0,154.3,13.3,7
2023-05-26,15.1,1.2,42.6,0.0,0.0,35.3,18.9,1026.6,17.8,16.0,188.9,16.4,9
2023-05-27,16.7,2.1,39.6,0.0,0.0,37.1,22.2,1024.7,46.8,16.0,186.1,16.0,8
2023-05-28,19.5,3.4,37.8,0.0,0.0,35.3,21.8,1019.9,74.7,16.0,193.8,16.8,8
2023-05-29,21.4,5.5,38.5,0.0,0.0,29.5,17.5,1016.0,59.9,16.0,186.8,16.1,8
2023-05-30,23.8,8.6,39.3,0.0,0.0,31.7,22.0,1014.3,48.4,16.0,173.2,15.0,9
2023-05-31,26.0,14.9,50.9,1.958,0.0,51.5,18.8,1014.4,57.9,16.0,126.5,11.1,6
2023-06-01,25.7,16.4,57.5,2.538,0.0,47.3,21.9,1016.3,52.6,16.0,176.9,15.1,8
2023-06-02,26.2,11.7,44.5,0.0,0.0,33.5,19.6,1016.6,53.4,16.0,182.9,15.7,9
2023-06-03,24.9,12.5,48.5,0.0,0.0,35.3,25.9,1015.7,50.6,16.0,187.8,16.2,9
2023-06-04,21.6,7.8,43.8,0.0,0.0,37.1,20.5,1016.9,37.1,15.8,135.3,11.7,5
2023-06-05,21.6,6.9,42.4,0.0,0.0,29.5,19.8,1017.0,50.9,15.9,129.8,11.3,9
2023-06-06,20.3,10.5,53.7,0.423,0.0,42.5,25.2,1013.9,86.1,14.4,81.6,6.9,4
2023-06-07,18.6,6.6,48.1,0.0,0.0,46.6,28.7,1011.8,36.3,15.2,161.3,13.9,8
2023-06-08,18.1,5.0,45.5,0.0,0.0,38.9,22.4,1012.4,4.8,16.0,172.8,14.9,8
2023-06-09,20.0,4.8,38.7,0.0,0.0,30.1,17.9,1012.3,14.0,16.0,177.2,15.2,9
2023-06-10,23.8,5.4,31.7,0.0,0.0,36.5,16.5,1008.4,47.7,16.0,170.3,14.7,9
2023-06-11,14.3,10.5,78.5,1.453,0.0,54.3,36.8,1009.1,98.9,15.6,22.5,1.9,1
2023-06-12,15.5,5.2,52.1,0.0,0.0,50.3,28.8,1010.1,83.4,16.0,100.5,8.5,5
2023-06-13,16.1,11.9,76.9,13.233,0.0,48.8,29.2,1003.5,94.4,13.9,45.2,3.7,3
2023-06-14,18.5,13.8,74.6,0.0,0.0,22.3,15.7,1004.4,84.3,15.9,68.7,5.8,4
2023-06-15,18.0,12.3,70.1,0.0,0.0,42.5,28.2,1006.4,68.6,13.4,118.3,10.1,6
2023-06-16,15.1,10.3,73.8,0.0,0.0,42.5,22.8,1013.9,61.3,16.0,52.8,4.4,2
2023-06-17,19.2,10.7,60.2,0.0,0.0,18.4,19.9,1014.5,15.2,13.5,168.2,14.5,8
2023-06-18,22.7,11.5,51.8,0.0,0.0,40.8,23.6,1009.8,60.2,14.6,141.5,12.2,7
2023-06-19,23.8,12.0,49.8,0.0,0.0,37.1,24.4,1011.3,58.2,15.0,136.5,11.8,8
2023-06-20,23.0,12.1,51.8,0.0,0.0,38.9,26.2,1016.2,4.8,15.9,145.3,12.4,8
2023-06-21,24.3,15.3,58.4,0.0,0.0,34.3,27.6,1018.0,9.6,16.0,146.4,12.8,8
2023-06-22,24.3,13.5,52.1,0.0,0.0,42.5,27.0,1015.7,51.3,16.0,170.0,14.7,8
2023-06-23,24.4,12.3,47.8,0.0,0.0,34.3,20.7,1013.0,48.1,14.2,148.4,12.9,8
2023-06-24,26.1,14.1,49.2,0.0,0.0,37.1,22.5,1011.2,29.3,15.9,167.2,14.4,9
2023-06-25,24.1,17.4,68.8,27.41,0.0,66.8,40.4,1003.1,80.3,14.7,122.8,10.4,6
2023-06-26,22.0,16.6,72.3,0.239,0.0,54.0,32.4,1003.0,93.0,13.0,50.2,4.3,4
2023-06-27,20.7,12.7,61.0,0.0,0.0,35.3,22.2,1011.1,95.2,4.1,87.5,7.6,4
2023-06-28,22.1,12.7,57.0,0.0,0.0,33.5,20.9,1014.4,86.0,2.8,104.7,9.1,5
2023-06-29,25.7,19.1,67.7,0.989,0.0,51.8,20.1,1010.2,73.5,7.6,111.0,9.5,6
2023-06-30,26.7,20.1,69.3,0.036,0.0,39.4,24.5,1012.0,67.7,10.8,106.0,9.1,6
2023-07-01,25.1,20.1,74.3,1.793,0.0,29.5,13.6,1009.8,75.7,13.2,36.4,3.0,1
2023-07-02,21.0,19.1,88.8,83.239,0.0,37.1,23.8,1007.0,95.8,8.7,11.2,0.8,1
2023-07-03,24.0,14.9,58.4,0.0,0.0,22.3,17.1,1011.8,39.6,16.0,152.3,13.1,8
2023-07-04,27.5,17.5,56.3,0.0,0.0,29.5,20.3,1013.8,33.5,15.4,138.2,11.9,7
2023-07-05,26.4,20.6,71.5,28.857,0.0,62.0,24.4,1012.9,56.4,13.8,117.8,10.2,7
2023-07-06,22.9,17.6,72.9,0.0,0.0,33.5,19.7,1013.5,84.8,14.6,97.1,8.4,9
2023-07-07,22.3,14.6,62.3,0.104,0.0,29.5,19.9,1013.8,67.7,16.0,155.5,13.3,9
2023-07-08,20.5,14.8,71.5,5.092,0.0,25.9,18.2,1011.3,82.3,15.0,31.3,2.7,1
2023-07-09,23.0,12.8,55.1,0.0,0.0,31.7,15.2,1011.5,31.9,16.0,123.6,10.8,7
2023-07-10,24.7,14.4,54.2,0.0,0.0,36.6,22.4,1011.9,13.7,16.0,142.2,12.3,7
2023-07-11,23.2,16.4,66.0,18.748,0.0,109.1,29.3,1011.8,52.6,15.5,111.3,9.7,6
2023-07-12,20.5,17.3,81.9,30.064,0.0,50.3,29.5,1010.5,90.9,14.5,26.6,2.4,1
2023-07-13,20.9,16.2,75.1,0.182,0.0,35.3,13.6,1010.3,92.0,15.8,44.1,3.9,2
2023-07-14,25.7,19.1,69.2,3.706,0.0,71.5,36.6,1009.3,65.1,15.5,101.7,8.6,8
2023-07-15,24.8,18.9,71.2,8.488,0.0,44.7,20.9,1008.4,84.5,15.1,138.0,11.9,8
2023-07-16,23.7,14.9,59.4,0.0,0.0,37.1,26.0,1010.4,69.9,12.5,88.6,7.8,6
2023-07-17,23.0,13.0,55.1,0.0,0.0,37.1,22.7,1012.0,29.0,14.4,163.9,14.2,8
2023-07-18,21.8,12.7,56.9,0.0,0.0,33.5,17.7,1014.6,44.1,16.0,139.0,12.0,9
2023-07-19,23.8,13.7,54.8,0.0,0.0,22.3,13.7,1016.1,41.2,16.0,173.2,15.2,9
2023-07-20,25.8,16.4,57.4,0.0,0.0,48.9,30.3,1011.8,58.1,16.0,114.7,10.0,6
2023-07-21,23.0,14.1,58.7,0.0,0.0,31.7,17.5,1014.8,59.5,16.0,64.2,5.6,3
2023-07-22,23.1,13.7,57.3,0.47,0.0,38.9,21.4,1012.7,44.2,16.0,116.1,10.0,7
2023-07-23,23.5,15.9,65.2,4.176,0.0,41.1,18.8,1012.5,46.2,15.7,125.5,10.9,7
2023-07-24,25.3,16.5,59.5,0.0,0.0,22.3,15.9,1015.8,24.6,13.8,122.6,10.7,6
2023-07-25,26.7,17.1,57.1,0.0,0.0,37.1,19.5,1016.8,27.7,8.8,102.3,8.9,6
2023-07-26,27.6,21.8,71.2,6.479,0.0,59.0,20.9,1009.3,72.6,14.1,35.1,3.3,1
2023-07-27,28.5,21.3,66.2,0.0,0.0,29.5,18.3,1012.5,30.4,15.6,128.3,11.0,8
2023-07-28,28.1,22.4,72.2,12.443,0.0,60.2,33.0,1012.5,78.2,15.4,100.2,8.6,7
2023-07-29,24.1,17.2,67.8,17.102,0.0,66.0,33.3,1015.8,65.0,15.6,115.7,10.0,9
2023-07-30,23.2,14.7,59.5,0.0,0.0,38.9,22.4,1018.0,42.8,16.0,101.3,8.9,7
2023-07-31,23.1,13.3,55.2,0.0,0.0,33.5,16.7,1019.8,48.9,16.0,83.5,7.3,5
2023-08-01,24.8,15.2,55.7,0.0,0.0,31.7,18.3,1020.7,75.5,16.0,106.8,9.1,8
2023-08-02,25.0,15.9,57.7,0.0,0.0,31.1,19.0,1017.8,54.3,16.0,105.4,9.2,7
2023-08-03,25.4,18.0,65.9,0.0,0.0,16.6,16.3,1014.2,39.7,15.9,113.7,9.9,8
2023-08-04,25.5,17.7,63.8,0.0,0.0,35.3,25.0,1014.5,53.7,16.0,104.8,9.1,9
2023-08-05,23.0,18.7,76.6,3.483,0.0,45.0,26.0,1014.0,91.4,14.5,23.4,2.1,1
2023-08-06,20.5,17.7,84.5,3.667,0.0,45.2,26.9,1010.3,98.0,13.6,12.7,1.0,0
2023-08-07,22.6,16.1,68.1,0.036,0.0,38.9,23.3,1009.3,88.7,16.0,53.6,4.5,3
2023-08-08,23.3,15.7,64.2,0.0,0.0,32.9,20.9,1011.7,35.9,16.0,96.3,8.4,5
2023-08-09,22.6,17.8,75.1,0.0,0.0,18.4,17.5,1009.3,65.7,14.5,57.1,4.9,3
2023-08-10,23.4,18.1,74.0,0.0,0.0,42.5,21.5,1007.1,53.0,13.6,88.5,7.8,8
2023-08-11,25.1,19.1,70.4,0.327,0.0,74.0,32.7,1007.0,70.7,16.0,66.9,5.7,8
2023-08-12,26.0,15.8,55.3,0.0,0.0,52.6,22.5,1009.0,52.3,16.0,87.9,7.5,9
2023-08-13,22.7,16.9,69.8,0.0,0.0,29.5,17.3,1014.5,62.4,16.0,54.3,4.8,3
2023-08-14,21.5,17.8,80.1,31.334,0.0,46.4,24.0,1010.8,94.7,13.0,16.7,1.3,1
2023-08-15,20.4,14.6,72.3,5.218,0.0,48.2,25.6,1013.7,70.7,14.5,35.2,3.0,2
2023-08-16,21.9,13.8,61.8,0.0,0.0,37.1,24.6,1014.5,26.3,16.0,101.5,8.6,8
2023-08-17,22.0,13.7,60.9,6.174,0.0,49.3,29.2,1007.1,65.7,15.5,68.0,5.7,9
2023-08-18,20.5,10.4,54.6,0.0,0.0,24.1,15.5,1015.9,35.1,15.7,109.9,9.7,8
2023-08-19,22.7,14.3,59.5,0.0,0.0,41.3,26.6,1015.3,42.9,15.8,57.5,4.9,2
2023-08-20,26.6,20.3,69.0,0.0,0.0,29.5,17.2,1016.7,56.6,16.0,79.7,7.0,5
2023-08-21,24.1,18.1,69.8,0.0,0.0,29.5,21.2,1021.9,50.9,16.0,87.4,7.7,6
2023-08-22,26.1,21.1,74.7,0.0,0.0,31.7,18.3,1020.5,40.4,15.0,76.0,6.5,6
2023-08-23,30.5,24.8,73.1,0.0,0.0,50.0,29.2,1013.2,20.1,13.2,73.3,6.4,7
2023-08-24,32.1,25.0,68.0,0.0,0.0,47.7,28.5,1009.0,29.1,15.1,75.5,6.6,4
2023-08-25,23.9,19.6,77.4,0.0,0.0,31.3,17.5,1013.1,74.3,15.9,41.4,3.4,3
2023-08-26,22.2,17.8,76.4,0.0,0.0,49.4,32.9,1015.6,72.3,16.0,39.9,3.4,2
2023-08-27,20.7,12.7,61.5,0.0,0.0,35.3,21.4,1017.4,25.1,16.0,71.5,6.1,5
2023-08-28,21.5,12.2,58.2,0.0,0.0,22.3,14.9,1016.4,11.6,16.0,81.8,7.0,4
2023-08-29,22.4,14.9,63.3,0.0,0.0,49.0,32.9,1012.5,35.4,16.0,62.8,5.6,4
2023-08-30,18.5,11.4,63.6,0.0,0.0,47.9,27.7,1017.2,49.8,16.0,62.1,5.3,4
2023-08-31,19.0,10.5,60.6,0.0,0.0,31.7,17.7,1019.5,9.8,16.0,79.4,6.8,8
2023-09-01,22.0,12.5,56.4,0.0,0.0,29.5,17.7,1021.0,13.5,16.0,79.0,6.6,7
2023-09-02,24.6,14.5,55.8,0.0,0.0,37.4,20.7,1017.7,38.2,16.0,62.0,5.3,4
2023-09-03,27.5,16.2,51.7,0.0,0.0,47.5,27.2,1013.6,33.9,16.0,96.0,8.4,8
2023-09-04,28.1,20.5,65.4,0.0,0.0,35.3,21.3,1012.0,24.9,16.0,88.4,7.4,8
2023-09-05,28.2,19.6,60.9,0.0,0.0,50.8,29.0,1010.9,61.3,16.0,98.3,8.3,8
2023-09-06,23.7,19.3,77.4,3.484,0.0,57.4,28.8,1007.8,88.1,15.4,32.5,2.7,3
2023-09-07,20.1,16.0,77.7,0.783,0.0,35.3,18.9,1012.1,99.4,15.6,32.7,2.7,1
2023-09-08,17.9,14.2,78.9,0.714,0.0,38.9,23.8,1018.0,89.5,15.1,18.0,1.8,1
2023-09-09,18.3,11.5,67.0,0.0,0.0,31.7,19.8,1021.2,32.8,16.0,59.5,5.0,4
2023-09-10,20.0,12.1,62.7,0.068,0.0,18.4,16.1,1019.9,49.5,16.0,62.5,5.5,4
2023-09-11,18.4,15.5,84.8,27.857,0.0,22.3,14.3,1017.6,97.8,10.8,13.8,1.3,1
2023-09-12,17.2,12.0,73.3,0.196,0.0,38.9,20.9,1018.2,66.2,15.9,62.2,5.4,4
2023-09-13,16.4,11.0,71.1,0.0,0.0,33.5,21.4,1019.1,53.1,16.0,64.1,5.5,4
2023-09-14,16.9,10.4,67.2,0.0,0.0,28.9,15.9,1021.4,26.6,16.0,76.2,6.6,5
2023-09-15,18.8,10.0,60.0,0.0,0.0,14.8,13.6,1020.0,26.6,16.0,73.7,6.5,4
2023-09-16,18.3,12.2,67.8,0.378,0.0,22.3,12.2,1016.4,89.0,16.0,24.8,2.0,1
2023-09-17,16.8,13.5,81.3,27.815,0.0,46.4,26.0,1014.5,80.4,14.1,24.6,2.2,1
2023-09-18,16.6,11.5,73.4,0.0,0.0,24.1,16.1,1017.1,51.6,16.0,60.7,5.1,5
2023-09-19,16.3,12.7,79.6,5.806,0.0,38.9,18.8,1016.2,94.5,15.5,10.6,0.9,1
2023-09-20,21.4,13.1,59.8,0.259,0.0,29.5,17.7,1017.1,79.8,16.0,53.9,4.6,4
2023-09-21,21.3,16.0,71.9,0.858,0.0,29.5,14.0,1020.9,92.8,15.7,32.8,2.9,2
2023-09-22,21.9,16.3,71.6,0.333,0.0,27.7,15.3,1020.2,87.4,15.5,37.9,3.3,1
2023-09-23,21.9,12.5,55.7,0.0,0.0,35.3,23.4,1017.6,65.2,16.0,61.5,5.3,7
2023-09-24,20.1,12.6,63.0,0.0,0.0,40.7,19.8,1016.0,62.8,16.0,68.6,5.9,4
2023-09-25,20.7,15.3,71.8,1.932,0.0,27.7,18.9,1017.7,86.2,16.0,40.8,3.6,4
2023-09-26,19.9,16.5,81.3,8.08,0.0,33.5,24.2,1018.0,86.6,15.3,18.5,1.6,1
2023-09-27,19.1,16.1,83.4,4.453,0.0,31.7,21.1,1017.6,96.8,14.0,28.2,2.4,2
2023-09-28,19.0,15.4,79.9,0.098,0.0,24.1,16.2,1017.9,87.2,15.9,33.1,2.8,2
2023-09-29,18.9,15.0,79.3,0.0,0.0,20.5,16.3,1019.8,54.7,12.5,42.1,3.7,2
2023-09-30,21.5,15.3,69.2,0.0,0.0,18.4,15.5,1022.0,12.9,15.7,63.4,5.4,6
2023-10-01,22.7,14.8,62.7,0.0,0.0,14.8,15.3,1024.0,8.9,16.0,48.8,4.2,4
2023-10-02,23.1,15.0,62.4,0.0,0.0,13.0,13.6,1021.9,26.0,15.9,53.4,4.6,4
2023-10-03,24.2,13.6,53.7,0.0,0.0,38.9,20.1,1018.2,25.7,16.0,51.9,4.5,4
2023-10-04,24.9,13.8,50.6,0.0,0.0,49.8,28.2,1013.7,87.0,15.8,48.1,4.2,4
2023-10-05,19.8,15.2,75.7,8.803,0.0,33.2,19.1,1012.3,80.9,12.8,20.5,2.0,1
2023-10-06,11.9,4.9,63.2,0.869,0.0,48.1,28.8,1014.9,52.3,15.9,25.5,2.2,1
2023-10-07,10.7,2.5,59.0,0.0,0.0,42.9,25.5,1019.0,26.1,16.0,54.4,4.6,7
2023-10-08,10.2,2.3,58.6,0.0,0.0,29.5,17.1,1014.3,78.1,16.0,35.1,2.9,2
2023-10-09,10.0,-0.3,51.2,0.0,0.0,39.3,27.1,1009.8,46.3,16.0,58.1,5.0,6
2023-10-10,11.0,0.1,48.2,0.0,0.0,38.3,24.5,1008.9,60.1,16.0,58.0,5.0,6
2023-10-11,12.2,3.1,57.4,3.436,0.0,24.1,14.3,1009.7,45.7,15.8,50.0,4.4,6
2023-10-12,14.0,11.3,83.8,10.615,0.0,43.5,25.7,1011.6,97.0,14.3,10.4,0.8,1
2023-10-13,14.0,10.2,78.2,8.304,0.0,51.8,24.1,1010.5,99.9,15.3,7.1,0.7,0
2023-10-14,12.4,9.5,82.8,18.093,0.0,54.4,36.1,1010.1,99.1,10.4,8.8,0.7,0
2023-10-15,11.1,6.0,72.4,0.645,0.0,44.3,22.5,1017.6,89.2,15.7,30.0,2.6,1
2023-10-16,10.9,6.3,73.6,0.0,0.0,44.3,21.9,1017.7,90.4,16.0,9.2,0.7,0
2023-10-17,10.7,5.2,70.8,0.0,0.0,31.7,17.9,1017.2,40.2,16.0,61.3,5.3,4
2023-10-18,13.4,7.0,66.9,0.56,0.0,52.0,29.8,1012.9,75.7,15.9,48.4,4.2,4
2023-10-19,13.6,11.2,85.4,3.574,0.0,35.3,22.3,1005.6,96.0,14.8,19.4,1.7,1
2023-10-20,12.4,7.4,72.5,0.422,0.0,42.0,27.3,1004.9,66.4,15.6,24.2,2.1,1
2023-10-21,11.7,7.1,74.0,0.186,0.0,55.7,35.7,1005.7,76.9,15.8,67.1,5.8,6
2023-10-22,9.9,3.9,67.4,0.0,0.0,38.0,20.5,1018.8,46.6,16.0,72.8,6.2,6
2023-10-23,12.6,4.4,60.1,0.0,0.0,44.2,25.9,1018.9,51.6,16.0,42.1,3.5,6
2023-10-24,20.6,10.7,53.4,0.0,0.0,53.5,28.5,1015.8,47.4,16.0,69.8,6.0,5
2023-10-25,17.8,14.6,82.2,2.939,0.0,42.5,17.9,1017.1,99.4,13.4,7.9,0.7,0
2023-10-26,19.4,15.9,80.5,4.099,0.0,50.0,26.9,1014.6,96.6,15.0,16.9,1.4,1
2023-10-27,17.4,14.9,85.3,2.263,0.0,48.2,26.3,1014.6,93.5,14.5,11.8,1.0,0
2023-10-28,7.7,1.9,66.8,0.557,0.0,35.3,22.3,1024.3,82.8,16.0,33.7,2.9,2
2023-10-29,7.3,3.5,77.1,1.346,0.0,40.7,26.8,1020.8,100.0,15.3,3.5,0.1,0
2023-10-30,3.1,-6.5,50.5,0.0,0.0,40.5,26.7,1022.8,36.5,16.0,68.7,5.9,7
2023-10-31,0.5,-4.3,70.6,0.232,0.0,60.2,35.1,1020.6,76.4,12.8,22.8,2.0,2
2023-11-01,2.0,-3.7,67.0,0.0,0.0,48.2,19.8,1027.7,55.8,16.0,48.0,4.2,5
2023-11-02,7.1,-2.5,51.6,0.0,0.0,49.9,27.9,1023.3,69.9,16.0,71.5,6.1,6
2023-11-03,10.5,0.8,51.5,0.104,0.0,46.6,26.7,1018.0,84.2,16.0,19.2,1.6,1
2023-11-04,9.9,5.1,72.5,0.036,0.0,25.9,16.3,1020.5,46.4,15.6,25.0,2.1,1
2023-11-05,9.8,2.9,65.5,0.0,0.0,37.1,18.6,1020.1,52.9,12.9,59.8,5.5,5
2023-11-06,15.9,6.7,54.6,0.0,0.0,53.2,31.2,1007.3,76.5,16.0,34.0,2.8,3
2023-11-07,9.9,4.4,68.9,0.0,0.0,35.3,23.0,1015.1,75.7,16.0,28.2,2.5,1
2023-11-08,11.0,7.6,79.2,0.97,0.0,47.9,22.5,1008.2,99.7,14.6,8.1,0.7,1
2023-11-09,9.5,0.2,55.3,0.0,0.0,58.8,35.5,1017.3,39.6,16.0,84.4,7.4,5
2023-11-10,5.6,-1.8,59.4,0.0,0.0,38.9,23.1,1023.5,50.8,16.0,40.2,3.6,5
2023-11-11,5.6,-1.3,62.6,0.0,0.0,20.5,12.1,1030.6,38.8,16.0,54.0,4.6,5
2023-11-12,9.5,-1.4,47.3,0.0,0.0,41.9,25.0,1027.4,45.0,16.0,59.5,5.3,5
2023-11-13,10.4,-2.5,43.4,0.0,0.0,37.1,24.7,1027.1,0.3,16.0,62.3,5.5,5
2023-11-14,9.3,-3.8,42.7,0.0,0.0,39.2,24.7,1027.0,18.9,16.0,53.3,4.6,5
2023-11-15,11.7,0.6,47.2,0.0,0.0,40.7,19.6,1021.6,32.0,16.0,50.3,4.2,4
2023-11-16,13.8,5.8,59.2,0.0,0.0,55.7,31.5,1015.4,64.1,15.9,40.6,3.5,3
2023-11-17,10.0,3.1,62.7,0.068,0.0,48.3,26.8,1013.4,54.0,15.9,56.7,5.0,5
2023-11-18,5.7,-5.1,48.0,0.0,0.0,37.1,24.7,1017.4,5.5,16.0,67.0,5.7,4
2023-11-19,7.5,0.8,62.9,0.0,0.0,31.3,16.7,1017.9,39.5,15.9,54.8,4.7,4
2023-11-20,8.0,1.3,63.0,2.895,0.0,46.4,30.8,1020.3,92.5,15.7,35.3,3.1,4
2023-11-21,5.7,3.1,83.2,17.482,0.0,44.3,26.6,1012.2,92.2,13.5,12.0,1.0,1
2023-11-22,4.2,0.4,76.8,0.0,0.0,35.3,25.0,1015.9,49.3,16.0,47.8,4.2,5
2023-11-23,4.1,-1.6,67.2,0.0,0.0,37.1,20.8,1017.8,44.2,16.0,51.0,4.5,5
2023-11-24,-0.2,-7.8,56.8,0.0,0.0,44.6,27.0,1031.6,83.8,16.0,39.3,3.4,3
2023-11-25,0.3,-8.3,52.8,0.0,0.0,13.0,11.9,1027.1,74.3,16.0,48.4,4.1,2
2023-11-26,0.0,-3.3,78.7,2.265,0.4,47.9,24.9,1012.0,95.9,9.7,8.1,0.7,0
2023-11-27,-4.1,-10.1,63.3,0.0,0.4,47.2,28.3,1017.3,80.7,15.8,27.5,2.4,1
2023-11-28,-7.0,-13.9,58.1,0.0,0.0,43.1,28.9,1024.4,54.5,15.9,51.3,4.3,4
2023-11-29,-0.2,-6.2,64.4,0.0,0.0,42.5,22.6,1014.3,28.6,16.0,65.7,5.7,4
2023-11-30,6.6,0.9,67.8,0.0,0.0,47.6,25.8,1010.5,76.2,16.0,51.8,4.5,4
2023-12-01,6.4,4.7,88.9,17.604,0.0,29.5,16.9,1010.5,100.0,7.7,5.9,0.5,0
2023-12-02,5.6,2.8,82.4,0.0,0.0,22.3,17.3,1014.8,99.6,15.5,6.8,0.6,0
2023-12-03,4.2,2.0,85.7,5.47,0.0,35.3,22.7,1008.6,100.0,12.9,11.0,1.0,1
2023-12-04,3.3,-1.3,72.3,0.0,0.0,18.4,14.1,1015.5,96.5,16.0,22.4,1.8,1
2023-12-05,2.8,0.1,82.5,2.037,0.0,33.5,20.9,1018.4,91.0,11.5,14.5,1.3,1
2023-12-06,2.5,-2.4,70.4,0.0,0.0,46.6,26.9,1023.6,87.6,16.0,28.5,2.4,2
2023-12-07,7.0,1.3,67.5,0.0,0.0,43.9,26.1,1011.0,43.2,16.0,45.9,4.0,3
2023-12-08,10.6,5.0,68.5,0.0,0.0,50.9,28.5,1006.0,55.5,16.0,41.4,3.6,2
2023-12-09,8.7,3.7,71.5,3.966,0.0,56.9,31.7,1007.4,88.4,14.7,28.2,2.3,2
2023-12-10,1.2,-3.7,69.5,0.0,0.0,44.6,28.5,1017.0,100.0,16.0,8.7,0.8,0
2023-12-11,0.2,-5.3,66.2,0.0,0.0,40.7,18.4,1021.8,58.4,15.9,36.7,3.2,3
2023-12-12,1.1,-5.4,62.4,0.0,0.0,40.7,24.3,1027.7,27.6,16.0,33.8,2.9,2
2023-12-13,0.3,-9.8,49.5,0.0,0.0,20.5,15.9,1038.8,37.4,16.0,39.3,3.3,2
2023-12-14,4.6,-4.1,54.4,0.0,0.0,33.5,22.9,1037.5,10.1,16.0,32.4,2.8,2
2023-12-15,7.0,-2.2,54.3,0.0,0.0,29.5,17.4,1030.7,64.5,16.0,32.5,2.8,2
2023-12-16,6.9,1.9,72.6,11.359,0.0,40.7,19.1,1019.5,97.2,14.2,6.8,0.5,0
2023-12-17,5.7,3.4,85.3,0.0,0.0,42.5,22.6,1011.0,99.6,13.8,8.3,0.8,1
2023-12-18,-0.8,-8.1,58.3,0.0,0.0,69.3,43.3,1014.1,70.5,15.7,33.3,3.0,3
2023-12-19,-3.1,-9.9,60.1,0.0,0.0,47.9,23.1,1025.4,54.5,16.0,30.3,2.8,2
2023-12-20,2.7,-4.6,59.1,0.0,0.0,35.3,17.3,1026.9,67.6,16.0,26.8,2.4,2
2023-12-21,5.8,0.2,68.5,0.068,0.0,18.4,10.1,1027.2,96.6,15.9,15.3,1.2,1
2023-12-22,7.0,4.2,82.4,11.456,0.0,16.6,13.6,1021.7,100.0,12.0,5.6,0.6,0
2023-12-23,8.1,7.1,93.5,0.0,0.0,11.2,9.1,1020.7,100.0,3.5,10.5,0.9,0
2023-12-24,11.1,9.4,89.6,0.0,0.0,33.5,18.4,1020.6,93.0,7.9,19.0,1.6,1
2023-12-25,12.6,9.2,80.4,8.313,0.0,50.0,26.9,1012.9,93.2,13.7,21.5,1.8,2
2023-12-26,4.9,2.1,82.3,0.3,0.0,46.4,20.5,1014.7,81.5,14.6,16.3,1.3,1
2023-12-27,3.5,-0.3,76.9,0.0,0.0,42.5,25.8,1016.0,76.5,15.9,22.1,1.8,1
2023-12-28,4.4,2.1,84.7,3.038,0.0,40.7,22.0,1009.7,99.5,10.0,11.0,1.0,1
2023-12-29,4.2,2.6,89.2,2.684,0.0,33.5,22.0,1009.9,94.1,9.5,8.1,0.8,0
2023-12-30,0.6,-1.3,86.8,0.0,0.0,33.5,19.2,1011.6,66.6,13.4,27.1,2.2,1
2023-12-31,1.2,-1.8,80.5,0.605,0.1,50.0,27.1,1014.3,99.9,12.6,12.5,1.1,1
2024-01-01,-0.2,-4.9,71.1,0.0,0.0,39.3,26.1,1025.6,100.0,15.7,16.1,1.2,1
2024-01-02,0.4,-3.8,73.4,0.0,0.0,46.9,30.2,1021.8,84.3,15.7,27.8,2.4,1
2024-01-03,1.2,-2.9,74.7,0.0,0.0,27.7,18.1,1019.2,99.2,14.1,7.9,0.7,1
2024-01-04,0.5,-6.8,58.6,0.0,0.0,33.5,17.7,1027.0,65.7,16.0,40.3,3.4,3
2024-01-05,0.3,-5.2,66.6,0.0,0.0,20.5,16.3,1023.0,83.4,15.9,31.0,2.6,2
2024-01-06,0.5,-1.1,88.5,3.235,0.4,22.3,14.7,1009.0,100.0,3.8,7.0,0.6,1
2024-01-07,0.8,-2.5,78.6,0.208,0.6,33.5,19.8,1014.4,99.7,11.2,12.6,1.2,1
2024-01-08,1.5,-2.2,76.2,0.374,0.4,42.5,23.6,1022.4,100.0,15.0,10.2,0.9,1
2024-01-09,1.5,0.6,93.4,21.429,1.0,53.6,27.5,991.5,100.0,4.4,3.8,0.4,0
2024-01-10,0.5,-2.8,78.4,0.0,0.6,50.0,31.6,1000.0,100.0,15.4,12.7,1.1,1
2024-01-11,-0.2,-3.6,78.0,0.068,0.5,41.8,23.1,1008.9,91.5,13.7,35.4,3.0,2
2024-01-12,1.5,-0.1,89.6,12.565,1.8,67.3,42.7,995.2,99.4,5.7,3.0,0.3,0
2024-01-13,-6.3,-9.5,77.9,0.603,1.4,57.2,34.7,1002.7,98.3,7.5,16.5,1.4,1
2024-01-14,-21.0,-25.7,66.3,0.0,1.0,61.6,39.5,1022.6,55.7,12.4,54.9,4.8,4
2024-01-15,-19.9,-24.4,67.3,0.0,1.0,37.1,25.5,1026.3,72.8,15.8,53.2,4.6,3
2024-01-16,-17.4,-23.0,62.0,0.0,0.8,53.3,34.0,1020.8,34.6,15.9,63.6,5.5,5
2024-01-17,-10.9,-17.1,60.1,0.0,0.8,47.3,27.2,1016.5,70.8,16.0,52.7,4.6,4
2024-01-18,-6.0,-10.9,68.7,0.456,1.1,31.3,18.7,1017.9,94.5,12.6,47.1,4.0,4
2024-01-19,-11.3,-15.9,69.5,0.364,3.6,51.8,27.9,1025.0,97.6,10.9,16.0,1.3,1
2024-01-20,-11.4,-17.2,62.7,0.0,1.7,40.7,23.8,1034.3,36.7,15.7,64.0,5.5,5
2024-01-21,-10.8,-16.6,63.5,0.0,1.0,44.1,26.5,1035.5,47.8,16.0,51.3,4.4,3
2024-01-22,-1.3,-4.6,79.3,0.4,1.2,47.3,26.3,1025.4,100.0,12.4,11.3,1.0,0
2024-01-23,1.8,0.8,93.2,7.211,1.0,18.4,14.4,1024.2,100.0,3.4,10.5,0.9,1
2024-01-24,2.8,2.0,94.5,4.131,0.8,14.8,15.3,1020.8,100.0,3.7,12.1,1.0,1
2024-01-25,3.7,2.9,94.6,5.535,0.5,27.7,19.6,1018.3,100.0,1.7,19.8,1.7,1
2024-01-26,4.1,3.4,95.4,6.355,0.1,29.5,20.0,1019.3,100.0,6.7,13.9,1.1,1
2024-01-27,3.7,2.9,94.1,0.523,0.0,37.1,19.8,1021.7,100.0,5.0,17.0,1.4,1
2024-01-28,3.3,0.7,83.7,0.906,0.0,49.2,30.7,1020.0,99.7,12.3,20.8,1.8,1
2024-01-29,1.6,-0.8,83.9,0.0,0.0,43.9,24.1,1020.3,85.8,14.5,55.0,4.8,5
2024-01-30,3.9,0.6,79.6,0.327,0.0,38.9,25.3,1013.8,100.0,12.7,14.2,1.1,1
2024-01-31,3.4,0.0,78.5,0.0,0.0,38.9,26.9,1019.5,88.2,16.0,27.3,2.4,1
2024-02-01,5.2,1.7,78.8,0.0,0.0,35.8,24.7,1014.5,38.5,15.5,72.0,6.2,5
2024-02-02,3.2,-0.2,78.4,0.0,0.0,37.1,23.8,1020.6,74.4,16.0,32.0,2.7,2
2024-02-03,1.3,-1.6,81.2,0.0,0.0,20.5,18.1,1020.3,18.4,15.1,67.8,5.8,5
2024-02-04,2.8,-1.0,77.1,0.0,0.0,35.3,23.4,1018.3,52.9,14.7,69.3,6.0,5
2024-02-05,2.3,-0.8,80.8,0.0,0.0,25.9,19.9,1020.8,79.2,15.6,37.8,3.2,2
2024-02-06,2.8,0.0,82.4,0.0,0.0,29.5,12.5,1023.4,79.0,11.6,61.5,5.2,4
2024-02-07,4.3,-0.2,73.8,0.0,0.0,35.3,18.3,1021.1,78.4,12.2,31.1,2.7,1
2024-02-08,11.5,4.2,61.5,2.651,0.0,64.8,42.0,1008.7,76.5,15.9,53.5,4.5,6
2024-02-09,9.5,2.3,61.6,0.0,0.0,54.6,34.3,1008.2,26.9,16.0,73.8,6.2,6
2024-02-10,2.6,-3.4,65.0,0.0,0.0,31.7,20.5,1015.2,64.4,16.0,56.5,4.8,4
2024-02-11,0.8,-4.8,67.1,0.0,0.0,14.8,15.8,1018.7,38.6,16.0,95.8,8.4,4
2024-02-12,2.0,-4.2,66.1,0.0,0.0,18.4,13.7,1013.3,19.4,15.9,101.2,8.7,6
2024-02-13,1.6,-6.1,57.8,0.0,0.0,33.5,17.7,1016.7,36.0,16.0,88.9,7.7,7
2024-02-14,2.9,-5.5,56.0,0.0,0.0,31.7,16.8,1022.3,46.7,16.0,124.5,10.8,6
2024-02-15,4.7,-4.8,52.8,1.892,0.0,58.9,34.6,1015.9,71.7,15.4,71.4,6.1,4
2024-02-16,-1.2,-10.1,51.2,0.0,0.0,46.1,25.9,1021.1,93.3,15.8,39.6,3.4,1
2024-02-17,-6.0,-14.5,51.7,0.0,0.0,61.7,38.0,1020.0,19.7,16.0,139.1,11.9,7
2024-02-18,1.1,-8.6,50.4,0.0,0.0,53.2,31.0,1012.3,2.5,15.9,136.6,11.7,7
2024-02-19,3.0,-5.9,55.1,0.0,0.0,25.9,15.2,1020.2,53.4,15.7,111.8,9.6,6
2024-02-20,6.9,-2.3,55.6,0.0,0.0,46.2,26.7,1021.0,16.5,15.9,128.0,11.1,6
2024-02-21,12.3,1.8,49.6,0.0,0.0,47.3,27.3,1013.2,89.0,16.0,84.1,7.3,5
2024-02-22,10.9,0.5,49.6,0.0,0.0,22.3,17.9,1006.1,72.9,16.0,106.0,9.2,5
2024-02-23,4.9,-1.6,64.5,0.121,0.3,55.2,35.8,1006.7,47.8,13.1,83.8,7.2,6
2024-02-24,-1.2,-8.4,58.5,0.213,0.7,54.0,31.7,1017.2,65.5,15.8,106.2,9.2,6
2024-02-25,7.7,-2.5,49.8,0.0,0.0,42.6,27.7,1009.5,53.7,16.0,99.8,8.6,5
2024-02-26,13.4,1.7,47.4,0.0,0.0,51.8,28.6,1005.7,52.9,16.0,99.6,8.6,6
2024-02-27,17.1,12.5,75.2,9.642,0.0,59.0,27.9,993.3,63.2,15.2,101.0,8.6,6
2024-02-28,0.0,-9.1,52.2,0.45,0.0,61.3,44.2,1013.0,47.5,16.0,109.3,9.3,7
2024-02-29,0.3,-12.7,37.9,0.0,0.0,46.5,26.5,1029.9,7.1,16.0,122.5,10.6,6
2024-03-01,4.6,-6.3,45.6,0.0,0.0,34.8,21.1,1022.0,67.1,16.0,47.7,4.2,2
2024-03-02,9.1,1.9,61.8,0.0,0.0,36.1,19.9,1017.8,27.5,15.9,115.6,9.9,7
2024-03-03,14.8,5.6,58.3,0.0,0.0,70.2,39.2,1011.2,41.8,15.7,118.8,10.3,7
2024-03-04,17.1,12.0,72.6,5.944,0.0,54.8,28.8,1010.9,75.8,15.4,34.6,2.9,2
2024-03-05,5.7,2.9,82.6,19.429,0.0,51.8,33.8,1015.0,99.9,14.0,40.4,3.4,2
2024-03-06,6.0,1.1,72.8,0.0,0.0,38.9,25.3,1018.9,61.3,13.5,127.7,11.1,7
2024-03-07,6.3,1.3,70.6,0.0,0.0,25.9,20.7,1018.7,81.3,15.8,124.8,10.8,7
2024-03-08,6.9,4.9,87.1,19.704,0.0,46.4,25.1,1012.1,100.0,10.1,12.1,0.9,0
2024-03-09,4.8,-1.7,64.5,0.0,0.0,49.7,28.8,1011.7,74.3,16.0,114.5,9.9,6
2024-03-10,3.5,-7.6,45.6,0.0,0.0,55.4,31.1,1019.2,13.7,16.0,151.7,12.3,7
2024-03-11,10.1,-2.4,43.8,0.0,0.0,63.2,38.8,1017.6,25.6,16.0,127.8,11.1,6
2024-03-12,15.5,2.7,43.1,0.0,0.0,55.6,33.3,1010.1,80.8,16.0,108.8,9.2,5
2024-03-13,13.9,4.7,55.0,0.523,0.0,35.3,18.7,1010.1,67.0,16.0,115.2,10.1,6
2024-03-14,10.3,6.8,79.2,14.264,0.0,55.9,31.2,1010.4,96.4,12.9,28.7,2.5,1
2024-03-15,6.0,1.7,74.6,0.0,0.0,46.4,28.4,1019.1,59.6,16.0,106.3,9.1,7
2024-03-16,8.8,0.4,57.8,0.0,0.0,73.2,43.5,1008.8,49.0,16.0,127.3,11.1,6
2024-03-17,2.8,-7.6,46.4,0.0,0.0,48.9,26.9,1011.5,68.3,15.9,65.3,5.6,3
2024-03-18,-0.6,-9.6,50.9,0.0,0.0,38.9,24.0,1019.4,65.9,16.0,81.3,6.9,4
2024-03-19,6.1,-6.2,42.4,0.0,0.0,62.0,39.8,1008.1,68.8,16.0,133.9,11.7,6
2024-03-20,3.1,-9.5,40.5,0.0,0.0,49.6,28.7,1015.6,20.8,16.0,118.0,10.3,8
2024-03-21,1.0,-7.7,52.7,0.0,0.0,25.9,18.6,1025.5,76.9,16.0,106.3,9.1,5
2024-03-22,1.7,-2.9,73.6,2.266,0.0,37.1,21.3,1020.6,99.4,12.1,23.7,2.0,2
2024-03-23,1.4,-6.3,58.7,0.288,0.0,42.5,29.0,1025.6,65.4,15.9,133.0,11.6,9
2024-03-24,4.9,-6.7,43.6,0.0,0.0,47.6,28.5,1019.7,91.7,16.0,60.1,5.1,3
2024-03-25,12.6,1.6,48.4,4.671,0.0,64.3,35.9,1006.8,95.4,15.4,27.9,2.5,1
2024-03-26,8.8,5.1,77.8,7.162,0.0,69.0,40.4,999.9,99.5,15.0,33.8,3.1,2
2024-03-27,2.0,-5.5,58.2,0.0,0.0,56.4,33.2,1017.0,71.7,16.0,134.4,11.6,8
2024-03-28,4.7,-4.1,53.8,0.0,0.0,40.1,24.1,1019.7,49.3,16.0,122.9,10.5,8
2024-03-29,6.0,-3.4,52.1,0.087,0.0,42.5,22.0,1017.2,70.3,16.0,128.9,11.2,7
2024-03-30,10.2,6.6,78.3,11.332,0.0,37.1,28.4,1009.5,86.2,14.0,106.2,9.0,8
2024-03-31,6.2,1.9,74.6,4.522,0.0,35.3,21.6,1014.2,90.1,15.3,94.8,8.2,5
2024-04-01,7.3,5.1,86.2,14.078,0.0,46.4,29.8,1010.8,98.5,10.9,50.5,4.3,4
2024-04-02,6.3,4.7,89.8,6.494,0.0,68.4,37.1,997.5,99.6,7.9,16.3,1.4,1
2024-04-03,2.9,0.9,86.8,6.278,0.0,52.1,30.1,991.4,99.9,10.2,32.1,2.7,1
2024-04-04,4.1,1.0,80.2,1.499,0.0,49.4,32.7,1005.1,97.4,15.4,48.5,4.2,3
2024-04-05,5.8,-1.8,60.5,0.0,0.0,48.1,25.9,1019.7,58.9,16.0,107.1,9.2,7
2024-04-06,6.1,-2.3,56.2,0.0,0.0,18.4,19.5,1023.5,8.5,16.0,135.3,11.7,6
2024-04-07,8.0,3.0,71.2,10.294,0.0,54.6,35.7,1015.4,67.1,15.4,25.0,2.0,1
2024-04-08,15.4,5.2,54.3,0.0,0.0,50.0,27.1,1011.2,11.1,16.0,139.1,12.1,8
2024-04-09,14.8,4.4,50.4,0.0,0.0,40.7,26.1,1011.6,61.0,16.0,159.6,13.8,7
2024-04-10,13.9,3.1,51.0,0.0,0.0,31.7,20.1,1012.5,74.4,16.0,113.8,9.8,5
2024-04-11,12.5,5.4,63.1,0.949,0.0,40.7,21.9,1002.5,98.8,15.9,42.9,3.6,2
2024-04-12,12.5,5.2,63.4,1.557,0.0,62.8,38.6,1007.3,71.6,16.0,119.9,10.4,9
2024-04-13,14.8,1.8,43.7,0.0,0.0,43.8,27.3,1015.9,19.9,16.0,140.1,12.0,7
2024-04-14,20.9,6.7,40.7,0.0,0.0,50.5,27.1,1006.2,35.8,16.0,139.6,11.9,8
2024-04-15,16.6,2.4,41.7,0.0,0.0,25.9,19.6,1014.0,29.4,16.0,153.6,13.1,8
2024-04-16,18.4,7.5,49.3,1.482,0.0,61.3,32.7,1011.7,65.5,15.9,168.4,14.5,7
2024-04-17,17.4,11.4,68.1,1.495,0.0,70.5,40.3,1005.0,95.1,16.0,53.8,4.8,5
2024-04-18,11.8,5.5,66.8,1.931,0.0,46.7,22.0,1016.4,78.8,15.7,54.6,4.7,3
2024-04-19,10.3,-1.4,47.5,0.0,0.0,59.8,37.3,1018.6,43.9,15.9,169.8,14.6,9
2024-04-20,5.3,-5.7,45.0,0.0,0.0,51.1,30.8,1022.9,60.2,16.0,112.3,9.7,7
2024-04-21,8.4,-4.5,41.7,0.0,0.0,40.7,24.5,1021.6,33.3,16.0,125.6,10.9,8
2024-04-22,13.3,-2.6,36.2,0.0,0.0,65.3,33.3,1016.7,45.8,16.0,146.7,12.9,7
2024-04-23,14.8,4.5,50.9,0.0,0.0,51.5,32.6,1008.7,76.4,16.0,48.1,4.2,2
2024-04-24,5.3,-1.5,62.5,0.0,0.0,49.3,34.2,1023.6,61.4,16.0,66.0,5.9,4
2024-04-25,7.6,0.3,61.8,0.0,0.0,33.5,19.7,1026.4,40.7,16.0,130.8,11.2,9
2024-04-26,11.2,4.5,64.2,7.488,0.0,62.9,38.6,1017.6,85.7,15.4,57.7,4.9,3
2024-04-27,21.0,15.8,73.1,3.077,0.0,59.8,35.8,1010.7,89.1,15.9,77.4,6.7,3
2024-04-28,20.3,15.8,76.3,23.529,0.0,66.9,32.4,1011.9,93.7,14.4,48.0,4.4,3
2024-04-29,18.5,14.0,75.6,26.076,0.0,51.8,29.5,1009.6,87.6,14.3,52.8,4.7,2
2024-04-30,17.1,8.4,57.9,0.0,0.0,36.1,18.9,1012.3,33.2,16.0,126.8,11.1,9
2024-05-01,21.1,7.4,44.9,0.068,0.0,49.2,31.3,1011.0,67.9,16.0,129.4,11.2,9
2024-05-02,18.8,10.3,58.8,18.884,0.0,79.6,25.3,1012.2,78.5,15.3,90.7,7.8,5
2024-05-03,17.1,9.6,65.7,6.979,0.0,37.1,21.9,1015.0,68.6,13.9,67.7,5.9,6
2024-05-04,18.8,11.5,64.3,4.84,0.0,63.0,22.6,1013.3,61.2,15.9,124.1,10.7,7
2024-05-05,14.1,7.2,64.1,0.274,0.0,35.3,20.9,1017.1,80.5,16.0,83.3,7.3,8
2024-05-06,15.8,8.4,62.1,0.0,0.0,33.7,22.4,1014.1,60.6,16.0,110.2,9.5,9
2024-05-07,19.0,13.0,68.5,8.121,0.0,51.8,24.4,1002.0,72.3,14.8,42.5,3.5,2
2024-05-08,19.2,7.1,49.0,0.0,0.0,38.9,23.6,1004.9,38.5,16.0,157.5,13.7,9
2024-05-09,13.8,10.0,78.9,13.025,0.0,44.3,24.6,1007.9,97.2,15.0,25.2,2.2,1
2024-05-10,14.5,8.0,67.1,0.0,0.0,39.0,22.9,1011.9,73.9,16.0,122.4,10.7,9
2024-05-11,15.2,7.1,60.0,1.683,0.0,53.6,32.1,1009.0,44.9,15.9,124.3,10.7,6
2024-05-12,20.3,7.9,49.1,0.0,0.0,41.4,22.0,1009.6,50.9,16.0,137.5,11.9,9
2024-05-13,21.0,12.2,59.6,3.535,0.0,53.8,23.8,1007.5,72.9,15.6,152.6,13.1,7
2024-05-14,13.9,10.2,78.8,1.468,0.0,44.3,27.7,1008.8,95.1,14.3,62.4,5.6,3
2024-05-15,15.2,6.4,57.5,0.0,0.0,40.7,24.5,1010.6,50.8,16.0,132.8,11.6,8
2024-05-16,18.0,12.2,69.3,5.256,0.0,64.8,21.4,1009.3,80.7,16.0,101.8,8.8,6
2024-05-17,20.2,13.7,69.4,0.0,0.0,22.3,20.7,1007.8,38.0,13.2,140.0,12.1,8
2024-05-18,23.6,14.3,58.5,0.0,0.0,37.8,23.0,1009.7,26.1,15.8,157.0,13.6,9
2024-05-19,22.1,9.7,46.5,0.0,0.0,38.9,24.9,1013.9,48.9,16.0,141.6,12.2,9
2024-05-20,23.2,13.0,52.9,3.678,0.0,57.9,30.5,1010.6,79.3,15.9,78.1,6.8,4
2024-05-21,25.2,16.2,60.6,0.0,0.0,69.3,38.7,1006.4,76.6,15.6,151.2,13.1,8
2024-05-22,22.0,10.3,49.3,0.0,0.0,75.2,40.9,1006.3,40.6,15.9,173.4,14.9,9
2024-05-23,21.2,7.6,43.1,0.0,0.0,29.5,20.3,1012.4,21.2,16.0,156.4,13.5,9
2024-05-24,21.2,14.1,64.4,2.951,0.0,52.7,29.1,1008.3,68.3,15.7,63.9,5.4,3
2024-05-25,19.2,8.4,53.1,1.441,0.0,38.9,23.7,1010.2,40.5,16.0,156.5,13.6,9
2024-05-26,17.9,11.7,68.8,18.826,0.0,55.4,22.6,1004.3,86.6,14.6,23.1,2.2,1
2024-05-27,17.9,11.7,68.1,0.215,0.0,42.1,27.1,1004.4,93.7,16.0,46.3,4.1,2
2024-05-28,16.9,11.5,72.0,3.852,0.0,48.7,20.0,1013.5,60.9,15.6,125.8,10.9,8
2024-05-29,15.9,7.9,61.9,0.428,0.0,46.1,33.0,1020.7,66.1,15.9,142.6,12.4,9
2024-05-30,15.3,2.3,44.3,0.0,0.0,29.5,20.3,1023.3,24.5,16.0,160.0,13.7,9
2024-05-31,20.0,8.0,48.9,0.0,0.0,40.7,21.4,1021.7,72.4,16.0,134.9,11.7,7
